word,neighbors,optimal_moves
aahed,2,5
ached,7,5
ashed,5,5
abaca,3,5
abaka,1,5
abaci,2,5
aback,3,5
alack,6,5
abase,3,5
abuse,2,5
abate,3,5
abash,2,5
awash,2,5
agate,5,5
alate,7,5
abbas,2,5
albas,5,5
abbes,4,5
ables,5,6
abyes,3,6
abbey,1,5
abele,1,6
anele,5,5
abets,1,
abuts,1,
abide,4,5
amide,8,5
aside,3,5
azide,5,5
abode,3,5
abler,1,6
arles,4,6
axles,3,5
anode,2,5
above,1,5
aboma,1,
aroma,1,
abort,3,5
amort,2,5
aport,4,5
about,1,5
abris,2,5
arris,5,5
auris,6,5
amuse,1,6
abyss,2,6
abysm,1,5
eched,2,5
acned,5,5
acred,6,5
acted,4,5
aches,6,5
eches,3,5
ashes,4,6
acmes,4,5
acnes,4,5
acres,6,5
acids,2,5
amids,9,5
acidy,1,5
acing,6,5
icing,2,5
aging,4,5
aping,5,5
awing,6,5
axing,4,5
acini,1,6
almes,4,5
awned,2,5
acold,2,5
scold,2,5
ahold,1,5
acorn,2,5
scorn,4,5
adorn,3,5
aired,11,5
acrid,1,5
apres,3,5
aures,9,5
anted,2,5
acute,1,5
scute,5,5
acyls,2,6
amyls,2,6
aryls,3,5
adapt,2,
adept,2,
adopt,2,
added,2,5
aided,11,5
adder,5,5
odder,4,6
udder,3,5
aider,13,5
alder,5,5
adios,2,9
agios,1,10
adits,2,8
edits,3,6
adman,3,6
atman,3,5
axman,3,6
admen,2,6
axmen,2,6
admit,1,
admix,1,
adobe,3,6
adore,4,6
adoze,2,6
adobo,1,7
afore,2,7
adown,1,5
adult,1,
adust,1,
aedes,4,5
cedes,11,5
pedes,6,5
redes,9,5
aides,10,5
aeons,5,5
neons,3,5
peons,9,5
agons,5,5
axons,5,5
azons,4,5
aerie,1,
eerie,2,
afars,1,6
agars,2,5
afire,1,7
after,4,6
ofter,7,5
alter,5,5
apter,3,6
aster,7,6
again,1,
amain,1,
agape,3,5
agave,3,5
agaze,4,5
agers,4,6
amaze,2,6
agene,3,5
akene,2,5
agone,6,5
agent,3,5
ament,4,5
anent,2,5
egers,3,5
apers,3,6
avers,5,5
agger,3,5
egger,5,5
anger,3,5
auger,5,5
aghas,1,6
agmas,3,5
agile,2,6
anile,9,5
axile,5,5
agism,1,
agist,2,
alist,1,
aglee,4,
allee,2,
agree,1,
aglet,2,
agley,3,
alley,4,
aglow,1,
allow,4,
almas,8,5
atmas,4,5
alone,7,5
atone,5,5
axone,4,5
agony,3,5
atony,5,5
agria,1,5
atria,3,5
bided,11,5
hided,11,5
nided,7,5
sided,10,5
tided,10,5
ailed,10,5
aimed,9,5
bider,11,5
cider,10,5
eider,8,5
hider,11,5
rider,14,5
wider,13,5
aimer,9,5
airer,8,5
aiver,11,5
bides,18,5
hides,13,5
nides,14,5
rides,17,5
sides,18,5
tides,13,5
wides,19,5
filed,13,5
oiled,8,5
piled,15,5
riled,13,5
tiled,13,5
wiled,16,5
axled,2,5
limed,11,5
mimed,11,5
rimed,10,5
timed,12,5
armed,4,5
dimer,10,5
mimer,12,5
rimer,12,5
timer,10,5
armer,5,5
fired,13,5
hired,12,5
mired,13,5
sired,15,5
tired,13,5
wired,16,5
direr,10,5
firer,13,5
hirer,8,5
wirer,10,5
airns,5,5
firns,7,5
girns,8,5
kirns,8,5
pirns,7,5
airts,4,5
airth,6,5
birth,7,5
firth,8,5
girth,8,5
mirth,5,5
yirth,5,5
dirts,8,5
girts,10,5
aisle,1,
lisle,1,
aitch,6,5
bitch,10,5
ditch,7,5
fitch,9,5
hitch,9,5
pitch,8,5
witch,8,5
diver,15,5
fiver,16,5
giver,11,5
jiver,12,5
liver,20,5
river,20,5
siver,12,5
wiver,15,5
akees,1,5
skees,8,5
skene,2,5
black,7,5
clack,11,5
flack,10,5
plack,8,5
slack,11,5
aland,7,5
bland,8,5
eland,4,5
gland,5,5
alane,8,5
alang,7,5
alans,11,5
alant,7,5
plane,7,5
aline,7,5
clang,7,5
slang,9,5
along,5,5
clans,17,5
elans,7,5
flans,14,5
glans,12,5
plans,13,5
ulans,6,5
azans,2,5
plant,6,5
slant,5,5
avant,2,5
alarm,1,6
alary,3,5
clary,4,5
glary,6,5
blate,11,5
elate,7,5
plate,10,5
slate,11,5
alfas,4,5
algas,8,5
alias,8,5
album,1,
algum,1,
alcid,1,8
algid,2,7
elder,5,5
older,5,6
alecs,1,6
alefs,3,5
clefs,4,5
alifs,2,5
alert,1,7
avert,4,6
algae,2,5
algal,3,5
argal,6,5
angas,6,5
avgas,2,5
algin,2,7
aloin,2,6
glias,3,5
amias,7,5
arias,5,5
alien,1,
align,1,
alike,2,5
alive,3,5
cline,6,5
amine,7,5
azine,3,5
olive,2,5
alkyd,1,
alkyl,2,
allyl,1,
allay,3,
alway,1,
alloy,5,
allod,3,
allot,3,
almah,2,5
almeh,2,5
aloes,3,5
almud,2,6
aloud,2,6
almug,1,7
floes,11,5
sloes,9,5
aloha,1,
alpha,1,
eloin,3,5
clone,8,5
flong,4,5
klong,2,5
among,1,5
aloof,1,
kloof,1,
cloud,3,5
altar,2,5
attar,2,5
altos,1,
autos,1,
alums,3,5
plums,7,5
slums,12,5
arums,2,5
amahs,2,6
ayahs,1,6
amass,2,5
amiss,6,5
smaze,1,7
amber,4,
ember,7,
omber,3,
umber,4,
ameer,2,
amble,2,7
amole,4,6
ample,4,7
ambos,2,
umbos,1,
ammos,1,
emeer,3,
amend,3,5
emend,1,5
amens,5,5
omens,4,5
avens,4,5
amins,9,5
amies,5,5
amirs,6,5
amice,3,5
amici,1,5
imide,4,5
amido,6,5
imido,4,5
azido,2,5
amigo,3,5
amino,5,5
imids,4,5
amiga,1,6
imine,3,5
imino,3,5
ayins,2,5
emirs,2,5
amnia,1,
amnic,1,
anole,7,5
azole,3,6
apple,2,8
amply,3,7
imply,1,5
apply,3,8
ancon,1,
anion,6,
angle,6,5
ankle,5,5
anlas,5,5
annas,5,5
anoas,4,5
antas,7,5
angel,1,6
ingle,2,5
argle,2,7
anime,4,5
anise,3,5
anils,3,5
arils,4,5
axils,4,5
anima,2,5
animi,2,5
inion,3,
onion,3,
union,4,
avion,3,
axion,3,
arise,4,5
ankhs,1,
ankus,1,
inkle,2,5
atlas,2,5
annal,2,6
annul,1,6
anomy,1,5
atomy,4,5
ansae,1,6
antae,3,6
antre,2,6
antes,3,6
antis,4,5
antic,3,6
ontic,2,5
attic,1,7
intis,1,5
antra,1,7
antsy,1,
artsy,1,
apace,1,5
space,8,5
apart,1,5
apeak,2,5
speak,6,5
apeek,1,6
apery,1,7
aphid,1,5
aphis,2,6
apsis,3,5
apian,1,
avian,2,
oping,4,5
sport,7,5
appal,1,
appel,1,
aptly,1,9
apses,4,5
arses,5,5
asses,5,6
arsis,3,5
aquae,1,
aquas,1,
arbor,2,5
ardor,2,5
armor,3,5
arced,1,5
arcus,2,5
ascus,1,6
argus,2,5
areae,3,5
arete,1,5
areal,6,5
areas,5,5
ureal,4,5
artal,4,6
arval,3,6
ureas,3,5
arras,5,5
areca,1,5
arena,2,7
areic,1,
ureic,1,
frena,2,6
argil,2,5
argol,4,5
argue,2,7
argon,3,5
argot,3,5
arson,1,6
ergot,1,6
ariel,2,6
oriel,1,6
artel,2,5
frise,3,5
prise,14,5
arose,4,5
orles,2,5
armet,2,5
ormer,2,6
aroid,1,
avoid,2,
brose,6,5
erose,5,5
prose,14,5
arpen,1,5
aspen,3,5
auras,10,5
array,1,5
orris,2,5
erses,4,5
drums,5,5
ascot,1,
escot,1,
asdic,1,
aspic,2,
asked,4,5
ashen,3,5
tsked,2,5
asker,5,6
askew,2,6
esker,3,5
asper,3,6
askoi,1,
askos,1,
aspis,1,
assai,1,
assay,2,
essay,1,
esses,3,5
asset,1,5
ester,4,5
astir,1,5
atilt,1,5
stilt,5,5
atoms,1,6
atopy,2,5
stone,11,5
stony,4,5
stria,2,5
atrip,2,5
strip,6,5
ottar,2,5
audio,1,
audit,1,
huger,2,5
luger,8,5
augur,1,5
aught,1,
ought,1,
aulic,1,5
auric,2,5
aunts,8,5
bunts,15,5
cunts,10,5
dunts,16,5
hunts,12,5
lunts,13,5
punts,15,5
runts,13,5
aunty,3,5
punty,8,5
runty,6,5
aurae,3,5
aural,8,5
aurar,3,5
dural,7,5
jural,8,5
mural,7,5
rural,6,5
sural,8,5
buras,13,5
duras,10,5
muras,9,5
suras,10,5
aurei,1,5
cures,20,5
dures,15,5
lures,17,5
mures,16,5
puris,8,5
aurum,1,
durum,1,
avast,1,5
evens,3,5
ovens,5,5
overs,5,5
evert,5,5
overt,3,5
ovoid,1,
awake,2,5
awoke,1,5
aware,3,5
award,2,5
sward,7,5
sware,13,5
swash,7,5
owing,4,5
swing,9,5
owned,2,6
axels,1,6
exile,3,5
axite,1,6
axiom,1,
exons,2,5
pyins,3,5
azote,2,5
azoth,1,5
baaed,7,5
baked,16,5
baled,13,5
baned,15,5
bared,20,5
based,14,5
bated,17,5
bayed,13,5
baals,3,5
bails,17,5
balls,21,5
bawls,8,5
babas,3,5
balas,9,5
babes,13,5
babus,5,5
babel,4,5
label,3,5
bagel,1,5
babul,2,5
mabes,13,5
nabes,10,5
sabes,15,5
tabes,16,5
bakes,19,5
bales,26,5
banes,24,5
bares,27,5
bases,21,5
bates,22,5
baboo,2,5
taboo,2,5
bazoo,2,5
habus,2,5
tabus,6,5
backs,17,5
hacks,18,5
jacks,13,5
lacks,15,5
macks,17,5
packs,19,5
racks,16,5
sacks,14,5
tacks,20,5
wacks,17,5
yacks,13,5
becks,12,5
bocks,17,5
bucks,18,5
balks,15,5
banks,14,5
barks,21,5
basks,13,5
bacon,4,5
macon,3,5
racon,5,5
baron,3,6
baton,3,6
baddy,11,5
caddy,8,5
daddy,7,5
faddy,5,5
paddy,7,5
waddy,6,5
biddy,6,5
buddy,6,5
baldy,7,5
bandy,12,5
bawdy,5,5
badly,4,5
badge,4,5
cadge,4,5
fadge,4,5
budge,5,5
barge,10,5
madly,4,5
sadly,3,5
bally,15,5
baffs,11,5
caffs,10,5
daffs,9,5
gaffs,8,5
raffs,9,5
waffs,8,5
yaffs,6,5
biffs,8,5
boffs,7,5
buffs,16,5
barfs,8,5
baffy,5,5
daffy,3,5
taffy,3,5
biffy,5,5
buffy,7,5
baggy,7,5
faggy,7,5
jaggy,6,5
naggy,5,5
raggy,6,5
saggy,6,5
boggy,9,5
buggy,7,5
bahts,3,5
baits,8,5
basts,19,5
batts,12,5
fails,16,5
hails,18,5
jails,13,5
kails,14,5
mails,22,5
nails,14,5
pails,17,5
rails,16,5
sails,16,5
tails,15,5
vails,14,5
wails,19,5
boils,10,5
bairn,1,8
cairn,2,7
baith,4,5
faith,4,5
laith,6,5
saith,5,5
gaits,5,5
waits,13,5
brits,11,5
baiza,1,6
baize,2,5
maize,2,5
caked,16,5
faked,17,5
laked,18,5
naked,9,5
raked,20,5
waked,16,5
biked,10,5
baker,13,5
faker,14,5
laker,19,5
maker,13,5
raker,18,5
saker,16,5
taker,17,5
waker,17,5
biker,10,5
baler,9,5
barer,12,5
baser,8,5
cakes,24,5
fakes,23,5
hakes,20,5
jakes,15,5
lakes,22,5
makes,23,5
rakes,26,5
sakes,24,5
takes,24,5
wakes,21,5
bikes,19,5
galas,7,5
talas,9,5
bolas,14,5
balds,11,5
balms,11,5
bolds,14,5
bands,18,5
bards,22,5
bauds,8,5
bawds,6,5
balky,7,5
balmy,7,5
haled,14,5
naled,6,5
paled,19,5
waled,15,5
haler,10,5
paler,18,5
taler,14,5
waler,13,5
dales,18,5
gales,21,5
hales,26,5
kales,13,5
males,26,5
pales,30,5
rales,25,5
sales,24,5
tales,29,5
vales,15,5
wales,25,5
biles,17,5
boles,22,5
calks,8,5
talks,11,5
walks,8,5
bilks,8,5
bulks,10,5
talky,4,5
bulky,6,5
barky,8,5
calls,16,5
falls,13,5
galls,14,5
halls,19,5
lalls,10,5
malls,18,5
palls,17,5
walls,17,5
bells,17,5
bills,24,5
bolls,18,5
bulls,19,5
dally,12,5
gally,13,5
pally,11,5
rally,8,5
sally,11,5
tally,9,5
wally,12,5
belly,13,5
billy,13,5
bully,13,5
calms,8,5
halms,13,5
malms,9,5
palms,8,5
barms,12,5
malmy,5,5
palmy,5,5
barmy,4,5
balsa,1,5
salsa,2,5
banal,3,5
canal,2,6
binal,3,5
basal,4,5
banco,2,5
bunco,4,5
banjo,1,5
hands,11,5
lands,9,5
rands,13,5
sands,10,5
wands,11,5
bends,17,5
binds,14,5
bonds,11,5
bunds,11,5
bangs,14,5
banns,6,5
candy,9,5
dandy,7,5
handy,9,5
pandy,11,5
randy,8,5
sandy,7,5
bendy,4,5
banty,6,5
caned,17,5
maned,13,5
paned,17,5
saned,12,5
vaned,8,5
waned,16,5
boned,13,5
canes,25,5
fanes,22,5
janes,14,5
kanes,14,5
lanes,22,5
manes,24,5
panes,25,5
sanes,24,5
vanes,15,5
wanes,23,5
benes,9,5
bines,24,5
bones,22,5
dangs,11,5
fangs,11,5
gangs,9,5
hangs,12,5
pangs,14,5
tangs,14,5
vangs,9,5
yangs,9,5
bongs,14,5
bungs,12,5
hanks,14,5
ranks,9,5
tanks,9,5
yanks,6,5
bonks,15,5
bunks,17,5
bunns,8,5
barns,16,5
canty,8,5
janty,3,5
panty,11,5
batty,12,5
bawty,3,5
barbe,5,5
barde,5,5
barre,5,5
barye,4,5
barbs,11,5
carbs,13,5
darbs,8,5
garbs,4,5
burbs,10,5
cards,20,5
fards,15,5
hards,19,5
lards,16,5
nards,15,5
pards,17,5
sards,16,5
wards,17,5
yards,12,5
birds,8,5
burds,15,5
cared,24,5
dared,16,5
eared,13,5
fared,22,5
hared,19,5
oared,10,5
pared,23,5
rared,22,5
tared,17,5
wared,19,5
bored,11,5
carer,18,5
darer,10,5
farer,12,5
parer,19,5
rarer,16,5
yarer,7,5
borer,8,5
cares,37,5
dares,23,5
fares,30,5
hares,29,5
lares,26,5
mares,28,5
nares,20,5
pares,31,5
rares,24,5
tares,28,5
wares,27,5
bores,19,5
byres,9,5
zarfs,1,5
large,7,5
marge,8,5
parge,10,5
sarge,8,5
targe,6,5
baric,4,5
daric,2,5
naric,3,5
boric,2,5
basic,4,5
carks,20,5
darks,17,5
harks,19,5
larks,15,5
marks,18,5
narks,14,5
parks,20,5
sarks,14,5
warks,19,5
birks,9,5
darky,6,5
larky,7,5
narky,5,5
sarky,5,5
barny,4,5
farms,10,5
harms,12,5
warms,10,5
berms,9,5
carns,19,5
darns,14,5
earns,8,5
karns,12,5
tarns,14,5
warns,14,5
yarns,9,5
burns,13,5
carny,5,5
boron,3,6
tarre,3,5
nasal,4,5
vasal,3,5
basil,4,5
cased,12,5
eased,8,5
lased,16,5
rased,17,5
bused,4,5
laser,15,5
maser,9,5
raser,14,5
cases,24,5
eases,14,5
gases,16,5
lases,21,5
oases,11,5
pases,20,5
rases,25,5
vases,12,5
bises,15,5
buses,9,5
basis,7,5
basin,4,5
sasin,5,5
oasis,3,5
casks,11,5
masks,8,5
tasks,7,5
bisks,8,5
bosks,8,5
busks,14,5
bassi,3,5
byssi,1,5
basso,3,5
bassy,6,5
lasso,1,6
gassy,5,5
massy,10,5
sassy,4,5
bossy,5,5
baste,6,5
caste,7,5
haste,7,5
paste,10,5
taste,7,5
waste,6,5
casts,20,5
easts,11,5
fasts,13,5
gasts,16,5
lasts,13,5
masts,18,5
oasts,13,5
pasts,19,5
vasts,13,5
wasts,19,5
bests,16,5
busts,14,5
batch,11,5
catch,9,5
hatch,11,5
latch,11,5
match,10,5
natch,9,5
patch,10,5
ratch,11,5
watch,9,5
botch,6,5
butch,8,5
dated,15,5
fated,19,5
gated,14,5
hated,17,5
lated,22,5
mated,19,5
pated,20,5
rated,22,5
sated,16,5
cates,26,5
dates,21,5
fates,22,5
gates,18,5
hates,21,5
mates,29,5
nates,18,5
pates,23,5
rates,28,5
sates,24,5
tates,22,5
bites,19,5
bytes,5,5
baths,8,5
bathe,3,5
lathe,9,5
rathe,3,5
laths,8,5
maths,10,5
oaths,4,5
paths,6,5
beths,5,5
beton,3,8
matts,12,5
watts,7,5
bitts,7,5
botts,10,5
butts,9,5
battu,2,5
catty,8,5
fatty,7,5
natty,10,5
patty,14,5
ratty,7,5
tatty,10,5
bitty,9,5
butty,12,5
gauds,8,5
lauds,7,5
mauds,7,5
yauds,6,5
baulk,1,5
caulk,3,5
pawls,6,5
wawls,6,5
yawls,6,5
bowls,8,5
fayed,14,5
hayed,13,5
layed,16,5
mayed,11,5
payed,16,5
rayed,16,5
bazar,2,5
gazar,3,5
lazar,3,5
kazoo,2,6
beach,8,5
leach,8,5
peach,7,5
reach,7,5
teach,6,5
brach,5,5
beech,4,5
belch,4,5
bench,7,5
beads,14,5
deads,11,5
heads,12,5
leads,14,5
meads,11,5
reads,15,5
brads,9,5
beaks,11,5
beams,12,5
beans,15,5
bears,21,5
beats,20,5
beaus,8,5
beady,7,5
heady,5,5
leady,8,5
ready,6,5
beaky,6,5
beamy,4,5
leaks,10,5
peaks,12,5
teaks,7,5
leaky,7,5
peaky,8,5
braky,3,5
reams,8,5
seams,11,5
teams,10,5
blams,9,5
seamy,3,5
beano,1,5
deans,10,5
jeans,7,5
leans,14,5
means,13,5
peans,17,5
weans,10,5
yeans,9,5
brans,15,5
beard,3,5
heard,4,5
board,4,5
dears,17,5
fears,14,5
gears,14,5
hears,21,5
lears,22,5
nears,14,5
pears,20,5
rears,18,5
sears,20,5
tears,19,5
wears,16,5
years,14,5
boars,8,5
beers,12,5
beast,6,5
feast,5,5
least,7,5
yeast,3,5
blast,5,5
boast,7,5
beaut,3,5
feats,12,5
heats,15,5
meats,14,5
neats,14,5
peats,17,5
seats,20,5
teats,15,5
blats,13,5
boats,13,5
brats,14,5
beets,13,5
belts,12,5
bents,15,5
beaux,2,5
bebop,1,
rebop,1,
becap,1,6
recap,2,5
decks,13,5
fecks,10,5
gecks,11,5
hecks,12,5
kecks,10,5
necks,11,5
pecks,17,5
recks,13,5
bedel,5,5
wedel,1,6
betel,4,5
bevel,7,5
bezel,4,5
bedew,1,6
leech,3,5
beefs,6,5
keefs,9,5
reefs,7,5
beeps,11,5
beefy,3,5
reefy,5,5
beery,6,5
deeps,12,5
jeeps,9,5
keeps,15,5
neeps,11,5
peeps,13,5
seeps,16,5
veeps,9,5
weeps,13,5
deers,13,5
jeers,7,5
leers,12,5
peers,13,5
seers,13,5
veers,9,5
biers,7,5
leery,5,5
peery,5,5
veery,4,5
berry,11,5
deets,13,5
keets,11,5
leets,8,5
meets,8,5
weets,13,5
blets,5,5
befit,1,5
refit,4,6
befog,1,
defog,1,
began,5,5
vegan,1,5
bogan,3,5
begin,2,5
begun,3,5
begat,3,5
beget,4,5
begot,4,5
beret,3,5
beset,4,5
bigot,3,5
besot,3,5
begum,2,5
degum,1,6
beige,1,
beigy,1,
being,2,5
boing,4,5
bring,8,5
belay,3,5
delay,5,5
relay,5,5
welch,3,5
belie,1,5
belle,4,5
selle,2,5
cells,17,5
dells,19,5
fells,17,5
hells,21,5
jells,12,5
mells,19,5
sells,15,5
tells,17,5
wells,16,5
yells,13,5
delly,13,5
felly,14,5
jelly,9,5
kelly,8,5
nelly,8,5
telly,9,5
welly,11,5
celts,10,5
felts,8,5
gelts,10,5
melts,13,5
pelts,10,5
welts,12,5
bolts,18,5
bemas,3,5
nemas,2,5
bimas,5,5
betas,6,5
bemix,1,5
remix,4,5
kench,4,5
tench,6,5
wench,5,5
bunch,8,5
fends,15,5
lends,15,5
mends,14,5
pends,12,5
rends,16,5
sends,11,5
tends,10,5
vends,11,5
wends,14,5
benny,9,5
denes,12,5
genes,7,5
lenes,12,5
penes,12,5
benne,4,5
penne,6,5
bonne,6,5
benni,3,5
penni,4,5
fenny,8,5
jenny,4,5
penny,10,5
wenny,5,5
bonny,5,5
bunny,9,5
cents,11,5
dents,12,5
gents,11,5
hents,13,5
rents,12,5
tents,14,5
vents,10,5
bints,11,5
buret,4,5
bergs,2,5
burgs,10,5
berme,1,5
derms,8,5
germs,7,5
herms,14,5
perms,7,5
terms,8,5
derry,13,5
ferry,13,5
herry,13,5
jerry,10,5
kerry,9,5
merry,12,5
perry,13,5
serry,10,5
terry,12,5
burry,9,5
berth,1,5
reset,8,5
besom,2,5
bosom,2,5
gests,16,5
hests,15,5
jests,11,5
nests,14,5
pests,17,5
rests,12,5
tests,15,5
vests,14,5
wests,15,5
zests,11,5
fetas,6,5
getas,3,5
zetas,3,5
botas,8,5
botel,4,5
heths,3,5
meths,8,5
teths,3,5
jeton,2,9
seton,2,9
devel,5,5
kevel,5,5
level,6,5
revel,9,5
bezil,1,5
bhang,2,5
chang,4,5
whang,3,5
bhoot,1,5
shoot,11,5
bhuts,3,5
phuts,4,5
shuts,10,5
bouts,11,5
biali,1,5
bialy,3,5
bigly,2,5
bibbs,2,5
jibbs,3,5
sibbs,2,5
bible,1,5
birle,3,5
bices,12,5
dices,16,5
fices,15,5
rices,17,5
sices,16,5
vices,11,5
bizes,9,5
giddy,4,5
kiddy,5,5
middy,5,5
widdy,6,5
boded,8,5
biped,7,5
bidet,3,5
biter,9,5
bodes,10,5
bield,3,
field,5,
wield,3,
yield,3,
kiers,6,5
liers,9,5
piers,6,5
tiers,6,5
viers,7,5
birrs,6,5
jiffs,5,5
miffs,6,5
riffs,7,5
tiffs,7,5
jiffy,3,5
miffy,3,5
bight,12,5
dight,12,5
eight,11,5
fight,11,5
hight,12,5
light,12,5
might,11,5
night,12,5
right,11,5
sight,12,5
tight,11,5
wight,11,5
gigot,1,6
diked,14,5
hiked,11,5
liked,12,5
miked,10,5
piked,12,5
diker,13,5
hiker,9,5
liker,15,5
piker,9,5
siker,9,5
dikes,20,5
hikes,16,5
kikes,12,5
likes,16,5
mikes,19,5
pikes,20,5
sikes,22,5
tikes,18,5
yikes,11,5
bilbo,1,5
bimbo,2,5
files,18,5
miles,21,5
piles,20,5
riles,20,5
tiles,19,5
wiles,21,5
bilge,3,5
bulge,3,5
binge,6,5
bilgy,3,5
bulgy,5,5
milks,10,5
silks,10,5
dills,23,5
fills,25,5
gills,22,5
hills,23,5
jills,18,5
kills,19,5
mills,25,5
nills,17,5
pills,22,5
rills,21,5
sills,23,5
tills,21,5
vills,21,5
wills,22,5
yills,17,5
zills,16,5
birls,11,5
dilly,12,5
filly,14,5
gilly,11,5
hilly,9,5
silly,11,5
willy,9,5
bimah,1,5
limas,12,5
pimas,9,5
simas,6,5
limbo,5,5
final,2,5
vinal,7,5
bindi,1,5
finds,13,5
hinds,8,5
kinds,11,5
minds,13,5
rinds,11,5
winds,15,5
cines,16,5
dines,25,5
fines,25,5
kines,21,5
lines,27,5
mines,28,5
nines,16,5
pines,25,5
sines,28,5
tines,24,5
vines,20,5
wines,28,5
dinge,8,5
hinge,4,5
singe,7,5
tinge,5,5
bingo,6,5
dingo,7,5
jingo,4,5
lingo,7,5
pingo,8,5
bongo,4,5
dints,13,5
hints,12,5
lints,16,5
mints,16,5
pints,14,5
tints,10,5
biome,1,5
brome,5,5
piped,10,5
riped,13,5
siped,9,5
wiped,13,5
bipod,1,5
birch,2,5
girds,7,5
yirds,4,5
dirks,10,5
kirks,6,5
mirks,11,5
birse,2,5
dirls,9,5
girls,10,5
tirls,7,5
virls,9,5
burls,17,5
byrls,3,5
yirrs,2,5
burrs,15,5
burse,7,5
mises,16,5
rises,20,5
sises,14,5
vises,12,5
wises,18,5
disks,8,5
risks,8,5
bison,1,7
boson,4,6
citer,11,5
kiter,8,5
liter,13,5
miter,15,5
niter,9,5
titer,11,5
cites,16,5
dites,16,5
kites,15,5
mites,22,5
nites,14,5
rites,18,5
sites,20,5
wites,19,5
bitsy,2,5
ditsy,3,5
mitts,9,5
ditty,11,5
kitty,6,5
nitty,9,5
titty,7,5
witty,7,5
sizes,13,5
wizes,12,5
blabs,9,5
flabs,10,5
slabs,13,5
blebs,6,5
blobs,9,5
blubs,8,5
blahs,4,5
blaws,10,5
block,5,5
blank,8,5
blade,7,5
clade,4,5
glade,10,5
blame,8,5
blare,7,5
blase,6,5
blaze,7,5
blain,5,5
elain,5,5
plain,5,5
slain,5,5
brain,8,5
blawn,4,5
flame,7,5
blume,5,5
clams,13,5
flams,13,5
slams,14,5
brand,6,5
blend,5,5
blind,5,5
blond,4,5
clank,11,5
flank,9,5
plank,12,5
slank,13,5
brank,10,5
blink,7,5
flare,4,5
glare,6,5
clast,6,5
blest,4,5
blite,5,5
flats,14,5
plats,10,5
slats,20,5
blots,9,5
brawn,7,5
blown,6,5
claws,13,5
flaws,13,5
slaws,13,5
braws,14,5
blows,11,5
glaze,7,5
braze,7,5
bleak,3,5
break,6,5
blear,3,5
bleat,7,5
clear,3,5
cleat,7,5
pleat,4,5
bloat,3,5
blent,5,5
plebs,4,5
bless,4,5
bleed,5,5
gleed,6,5
breed,9,5
blued,9,5
bleep,2,5
sleep,6,5
brent,4,5
blunt,4,5
bliss,2,5
blimp,1,5
blimy,2,5
slimy,5,5
blini,2,5
clink,10,5
plink,7,5
slink,10,5
brink,10,5
blips,4,5
clips,7,5
flips,8,5
slips,12,5
elite,6,5
flite,5,5
boite,1,5
blitz,2,5
glitz,1,5
float,3,5
gloat,6,5
globs,7,5
slobs,12,5
boobs,8,5
blocs,5,5
clock,9,5
flock,7,5
brock,6,5
flocs,8,5
bloke,1,5
broke,5,5
blood,5,5
flood,2,5
brood,5,5
bloom,4,5
bloop,3,5
gloom,3,5
broom,6,5
sloop,5,5
clots,10,5
plots,10,5
slots,18,5
boots,21,5
clown,3,5
flown,4,5
brown,7,5
blowy,2,5
flows,13,5
glows,9,5
plows,10,5
slows,15,5
brows,11,5
clubs,5,5
flubs,5,5
slubs,12,5
blues,10,5
blurs,5,5
clued,5,5
flued,8,5
glued,8,5
slued,6,5
bluer,5,5
bluet,6,5
bluey,5,5
gluer,4,5
clues,6,5
flues,9,5
glues,11,5
slues,12,5
blurt,4,5
gluey,4,5
bluff,2,5
fluff,2,5
sluff,5,6
flume,7,5
glume,5,5
plume,7,5
brume,4,5
brunt,5,5
blurb,3,5
slurb,3,5
slurs,10,5
blush,4,5
flush,5,5
plush,4,5
slush,6,5
brush,5,5
blype,1,5
slype,3,5
hoard,4,5
boart,3,5
hoars,9,5
roars,7,5
soars,10,5
boors,8,5
coast,6,5
roast,5,5
toast,3,5
boost,2,5
coats,10,5
doats,7,5
goats,9,5
moats,11,5
borts,15,5
bobby,7,5
cobby,9,5
dobby,5,5
hobby,6,5
lobby,6,5
nobby,7,5
bubby,6,5
booby,7,5
bocce,2,
boche,1,
bocci,2,
cocci,1,
cocks,17,5
docks,15,5
hocks,20,5
jocks,14,5
locks,18,5
mocks,16,5
nocks,14,5
pocks,17,5
rocks,17,5
socks,18,5
yocks,14,5
books,17,5
coded,18,5
booed,9,5
bowed,18,5
boxed,11,5
codes,23,5
lodes,15,5
modes,15,5
nodes,11,5
boxes,11,5
boffo,2,5
buffo,4,5
coffs,7,5
doffs,5,5
toffs,9,5
hogan,3,5
logan,5,5
bogey,5,5
dogey,6,5
fogey,4,5
pogey,4,5
boney,9,5
doggy,8,5
foggy,8,5
loggy,6,5
moggy,6,5
soggy,6,5
boogy,5,5
bogie,4,5
dogie,6,5
fogie,3,5
vogie,5,5
bogle,3,5
bugle,3,5
boule,3,5
bogus,2,5
bolus,10,5
bonus,8,5
coils,14,5
foils,13,5
moils,10,5
noils,11,5
roils,11,5
soils,9,5
toils,12,5
doing,3,5
going,2,5
bolar,6,5
molar,7,5
polar,6,5
solar,8,5
volar,5,5
boyar,1,5
colas,10,5
kolas,5,5
molas,13,5
tolas,11,5
boras,11,5
bolos,12,5
colds,11,5
folds,10,5
golds,12,5
holds,11,5
molds,13,5
wolds,12,5
coles,25,5
doles,22,5
holes,23,5
joles,13,5
moles,25,5
poles,27,5
roles,21,5
soles,18,5
toles,24,5
voles,15,5
dolls,12,5
lolls,9,5
molls,17,5
polls,14,5
rolls,11,5
tolls,13,5
kolos,7,5
nolos,5,5
polos,8,5
solos,8,5
boyos,3,5
bozos,3,5
colts,14,5
dolts,10,5
holts,14,5
jolts,9,5
molts,19,5
volts,10,5
solus,7,5
tolus,9,5
bombe,2,5
combe,5,5
bombs,5,5
combs,9,5
tombs,4,5
wombs,4,5
fonds,10,5
ponds,6,5
coned,18,5
honed,12,5
toned,16,5
zoned,6,5
boner,11,5
goner,7,5
honer,12,5
loner,10,5
toner,14,5
zoner,7,5
bower,14,5
boxer,5,5
cones,26,5
hones,19,5
jones,11,5
nones,15,5
pones,20,5
sones,14,5
tones,22,5
zones,11,5
coney,11,5
honey,12,5
money,7,5
toney,7,5
congo,6,5
mongo,5,5
dongs,12,5
gongs,8,5
hongs,11,5
longs,10,5
pongs,12,5
songs,9,5
tongs,13,5
conks,13,5
honks,15,5
konks,8,5
monks,11,5
wonks,10,5
zonks,8,5
donne,4,5
tonne,2,5
borne,1,5
bonze,2,5
sonny,4,5
conus,5,5
tonus,7,5
booze,2,5
booms,10,5
boons,13,5
looby,5,5
boomy,7,5
booty,12,5
boozy,7,5
cooed,18,5
looed,10,5
mooed,7,5
wooed,6,5
cooks,18,5
gooks,15,5
hooks,19,5
kooks,11,5
looks,15,5
nooks,12,5
rooks,15,5
sooks,13,5
zooks,12,5
dooms,8,5
looms,10,5
rooms,10,5
zooms,6,5
doomy,6,5
roomy,5,5
coons,18,5
goons,14,5
loons,17,5
moons,16,5
noons,11,5
poons,17,5
toons,11,5
zoons,10,5
doors,5,5
moors,7,5
roost,4,5
booth,5,5
sooth,6,5
tooth,4,5
broth,4,5
coots,17,5
foots,13,5
hoots,15,5
loots,15,5
moots,17,5
roots,16,5
soots,19,5
toots,16,5
footy,7,5
hooty,10,5
rooty,8,5
sooty,9,5
zooty,6,5
borty,5,5
doozy,4,5
woozy,4,5
boral,7,5
coral,8,5
goral,6,5
horal,7,5
loral,8,5
moral,12,5
borax,2,5
horas,8,5
moras,14,5
soras,16,5
toras,12,5
cored,19,5
gored,5,5
pored,9,5
corer,13,5
sorer,8,5
cores,31,5
fores,18,5
gores,13,5
lores,22,5
mores,25,5
pores,22,5
sores,22,5
tores,23,5
yores,11,5
toric,5,5
moron,1,6
forts,17,5
morts,15,5
ports,13,5
sorts,14,5
torts,17,5
worts,12,5
bortz,2,5
dorty,6,5
forty,9,5
mosks,6,5
bosky,2,5
bosun,1,7
lossy,3,5
mossy,9,5
bousy,4,5
iotas,4,5
jotas,4,5
lotas,8,5
rotas,8,5
hotch,7,5
notch,4,5
rotch,6,5
hotel,4,5
motel,8,5
bowel,7,5
bothy,1,5
mothy,4,5
motts,13,5
bough,7,5
cough,8,5
dough,6,5
lough,7,5
rough,8,5
sough,8,5
tough,8,5
brugh,2,5
joule,1,5
bouse,11,5
bound,7,5
found,8,5
hound,7,5
mound,10,5
pound,8,5
round,7,5
sound,7,5
wound,8,5
bourg,1,7
bourn,3,6
mourn,2,6
yourn,3,5
douse,11,5
house,10,5
louse,13,5
mouse,11,5
rouse,13,5
souse,8,5
touse,9,5
youse,8,5
bowse,3,6
lousy,5,5
mousy,4,5
gouts,8,5
louts,10,5
pouts,12,5
routs,10,5
touts,11,5
cowed,24,5
dowed,21,5
jowed,15,5
lowed,19,5
mowed,17,5
rowed,19,5
sowed,15,5
towed,21,5
vowed,15,5
wowed,12,5
yowed,14,5
dowel,6,5
rowel,7,5
towel,6,5
vowel,6,5
cower,17,5
dower,15,5
lower,15,5
mower,12,5
power,13,5
rower,16,5
sower,15,5
tower,17,5
vower,13,5
cowls,8,5
fowls,9,5
howls,8,5
jowls,6,5
yowls,7,5
dowse,4,5
lowse,4,5
coxed,16,5
foxed,7,5
loxed,10,5
poxed,9,5
coxes,17,5
foxes,9,5
goxes,6,5
loxes,16,5
poxes,16,5
toyos,4,5
mozos,3,5
brace,7,5
grace,8,5
trace,8,5
brake,7,5
brave,11,5
bract,4,5
orach,1,5
brash,5,5
tract,5,5
brant,7,5
grads,10,5
braes,9,5
brags,11,5
brass,12,5
brays,12,5
brees,10,5
bries,15,5
crags,9,5
drags,10,5
frags,11,5
brigs,10,5
braid,3,5
brail,8,5
drail,6,5
frail,5,5
grail,6,5
trail,8,5
broil,1,5
brawl,6,5
drain,5,5
grain,5,5
train,7,5
bruin,2,5
crake,7,5
drake,4,5
braxy,1,5
grand,6,5
crank,8,5
drank,7,5
frank,7,5
prank,8,5
trank,11,5
grans,13,5
trans,8,5
brens,6,5
brins,12,5
grant,7,5
crash,5,5
trash,3,5
crass,13,5
frass,8,5
grass,12,5
trass,11,5
drats,9,5
frats,12,5
prats,10,5
brava,4,5
braza,2,5
bravi,3,5
bravo,3,5
crave,10,5
drave,9,5
grave,11,5
trave,7,5
breve,2,5
crawl,5,5
drawl,6,5
trawl,4,5
drawn,6,5
prawn,2,5
craws,12,5
draws,9,5
brews,6,5
drays,10,5
frays,10,5
grays,11,5
prays,11,5
trays,11,5
craze,9,5
graze,8,5
bread,7,5
dread,7,5
oread,3,5
tread,7,5
broad,2,5
bream,4,5
creak,6,5
freak,3,5
wreak,4,5
cream,3,5
dream,4,5
brede,2,5
bride,5,5
creed,10,5
dreed,9,5
freed,10,5
greed,11,5
preed,9,5
treed,13,5
drees,10,5
frees,11,5
grees,13,5
prees,11,5
trees,15,5
wrens,3,5
crews,7,5
trews,9,5
briar,2,5
friar,2,5
brier,9,5
bribe,3,5
tribe,6,5
brine,8,5
brick,7,5
crick,9,5
prick,7,5
trick,9,5
wrick,6,5
brisk,4,5
gride,8,5
pride,7,5
brief,3,5
grief,2,5
crier,8,5
drier,9,5
frier,12,5
prier,11,5
trier,10,5
wrier,9,5
cries,9,5
dries,11,5
fries,13,5
pries,13,5
tries,14,5
wries,9,5
brims,7,5
brios,7,5
frigs,9,5
grigs,9,5
prigs,8,5
trigs,11,5
brill,6,5
drill,8,5
frill,6,5
grill,6,5
krill,6,5
prill,6,5
trill,12,5
prims,12,5
trims,7,5
trine,10,5
urine,2,5
briny,4,5
iring,3,5
wring,5,5
drink,4,5
prink,6,5
grins,8,5
trios,6,5
broos,5,5
frisk,2,5
brusk,2,5
frits,11,5
grits,10,5
writs,7,5
britt,2,5
fritt,4,5
crock,12,5
frock,4,5
trock,7,5
brook,5,5
troke,6,5
bromo,2,5
promo,4,5
crook,5,5
groom,3,5
vroom,2,5
brosy,2,5
prosy,6,5
froth,5,5
troth,6,5
wroth,5,5
crown,8,5
drown,5,5
frown,6,5
grown,8,5
crows,14,5
frows,11,5
grows,12,5
prows,15,5
trows,10,5
vrows,6,5
bruit,3,5
fruit,1,5
grume,4,5
brute,1,5
grunt,3,5
crush,4,5
bubal,1,5
tubal,3,5
cubby,6,5
hubby,5,5
nubby,5,5
tubby,5,5
busby,3,5
bucko,2,5
bunko,3,5
ducks,19,5
fucks,14,5
gucks,13,5
hucks,18,5
lucks,18,5
mucks,18,5
pucks,18,5
rucks,16,5
sucks,15,5
tucks,15,5
yucks,15,5
cuddy,6,5
duddy,5,5
muddy,5,5
ruddy,5,5
fudge,5,5
judge,3,5
nudge,4,5
buffi,3,5
cuffs,13,5
duffs,11,5
guffs,11,5
huffs,10,5
luffs,10,5
muffs,10,5
puffs,10,5
ruffs,12,5
tuffs,15,5
bumfs,2,5
huffy,3,5
puffy,3,5
fuggy,6,5
muggy,6,5
puggy,6,5
vuggy,5,5
fugle,2,5
butle,2,5
buhls,3,5
buhrs,2,5
build,2,5
guild,3,5
built,3,5
guilt,4,5
quilt,6,5
bulbs,3,5
hulks,9,5
sulks,6,5
hulky,5,5
sulky,5,5
bulla,3,5
mulla,2,5
culls,15,5
dulls,15,5
fulls,15,5
gulls,15,5
hulls,16,5
lulls,12,5
mulls,15,5
nulls,11,5
pulls,16,5
cully,8,5
dully,10,5
fully,9,5
gully,11,5
sully,9,5
burly,6,5
bumps,13,5
bumph,3,5
humph,3,5
bumpy,6,5
dumps,13,5
humps,13,5
jumps,10,5
lumps,12,5
mumps,11,5
pumps,13,5
rumps,11,5
sumps,12,5
tumps,12,5
burps,9,5
dumpy,7,5
humpy,7,5
jumpy,6,5
lumpy,5,5
dunch,7,5
hunch,6,6
lunch,7,5
munch,7,6
punch,6,6
junco,2,5
funds,6,5
bundt,1,5
dungs,12,5
lungs,13,5
pungs,11,5
rungs,8,5
tungs,10,5
dunks,13,5
funks,11,5
gunks,10,5
hunks,14,5
junks,9,5
lunks,14,5
punks,14,5
sunns,3,5
funny,10,5
gunny,8,5
punny,10,5
runny,7,5
sunny,9,5
tunny,7,5
buran,3,5
furan,1,5
burin,2,5
curbs,8,5
curds,14,5
hurds,9,5
nurds,8,5
surds,10,5
turds,9,5
curet,7,5
burnt,3,5
burst,8,5
burgh,1,5
purin,2,5
burke,1,5
curls,14,5
furls,8,5
hurls,11,5
nurls,7,5
purls,8,5
curly,8,5
hurly,5,5
surly,6,5
curns,11,5
durns,8,5
turns,9,5
turps,7,5
burro,2,5
currs,12,5
durrs,10,5
murrs,10,5
purrs,7,5
curry,10,5
furry,8,5
gurry,5,5
hurry,8,5
murry,11,5
bursa,2,5
curse,8,5
nurse,3,5
purse,9,5
curst,6,5
durst,4,5
hurst,5,5
wurst,5,5
bushy,8,5
busty,10,5
fused,7,5
mused,7,5
fuses,9,5
muses,12,5
puses,10,5
ruses,12,5
cushy,6,5
gushy,8,5
mushy,11,5
pushy,7,5
rushy,7,5
tushy,6,5
cusks,8,5
dusks,12,5
husks,10,5
musks,13,5
rusks,10,5
tusks,9,5
dusts,13,5
gusts,12,5
justs,8,5
lusts,12,5
musts,15,5
ousts,8,5
rusts,12,5
dusty,8,5
fusty,7,5
gusty,11,5
lusty,7,5
musty,12,5
rusty,10,5
cutch,7,5
dutch,6,5
hutch,8,5
mutch,7,5
butte,3,5
mutts,7,5
putts,6,5
cutty,9,5
gutty,10,5
jutty,9,5
nutty,11,5
putty,14,5
rutty,10,5
tutty,11,5
buyer,1,5
tuyer,5,5
eyres,6,5
gyres,11,5
lyres,9,5
pyres,8,5
tyres,14,5
kytes,3,5
wytes,5,5
cabal,1,6
cabby,4,5
gabby,2,5
tabby,3,5
caber,9,5
saber,14,5
taber,12,5
cuber,8,5
cager,17,5
caner,9,5
caper,14,5
cater,19,5
caver,15,5
cabin,1,5
sabin,6,5
cable,6,5
fable,5,5
gable,4,5
sable,5,5
table,5,5
coble,3,5
carle,7,5
cabob,3,6
kabob,4,5
nabob,2,6
carob,3,5
cacao,1,5
cacas,6,5
pacas,7,5
cocas,7,5
cycas,4,5
camas,9,5
casas,6,5
cache,2,5
mache,6,5
tache,3,5
cadgy,2,5
cades,20,5
fades,18,5
hades,16,5
jades,10,5
lades,19,5
sades,17,5
wades,18,5
cafes,12,5
cages,19,5
cames,25,5
capes,21,5
caves,23,5
cadis,7,5
cadet,2,5
caret,7,5
cadre,3,5
gadis,6,5
kadis,6,5
padis,7,5
sadis,9,5
wadis,6,5
cedis,2,5
madre,2,6
padre,4,5
safes,11,5
calfs,4,5
caged,14,5
gaged,10,5
paged,15,5
raged,16,5
waged,13,5
caped,14,5
caved,16,5
cawed,17,5
cagey,4,5
eager,11,5
gager,14,5
jager,9,5
lager,20,5
pager,18,5
sager,16,5
wager,17,5
yager,9,5
gages,14,5
mages,16,5
pages,16,5
rages,22,5
sages,18,5
wages,16,5
cakey,4,5
caids,6,5
maids,9,5
qaids,5,5
raids,8,5
saids,9,5
cains,12,5
gains,10,5
kains,12,5
mains,12,5
pains,15,5
rains,14,5
sains,14,5
tains,13,5
wains,14,5
chins,13,5
coins,11,5
caird,3,6
laird,3,5
yaird,2,6
cajon,2,5
canon,4,5
capon,4,5
coked,18,5
cokes,21,5
cukes,9,5
fakey,4,5
calif,2,
kalif,1,
calix,3,
cylix,2,
calyx,1,
calla,3,5
walla,3,5
cella,5,5
carls,17,5
cauls,8,5
culms,3,5
calve,4,5
halve,5,5
salve,5,5
valve,6,5
carve,7,5
gamas,8,5
lamas,8,5
mamas,5,5
comas,12,5
cymas,6,5
camps,14,5
camel,2,5
cameo,3,5
campo,5,5
dames,19,5
fames,21,5
games,21,5
hames,19,5
kames,11,5
lames,23,5
names,17,5
tames,24,5
wames,18,5
comes,24,5
cymes,4,5
campi,4,5
carpi,2,5
campy,3,5
compo,4,5
damps,10,5
gamps,13,5
lamps,12,5
ramps,11,5
samps,10,5
tamps,12,5
vamps,7,5
comps,11,5
carps,14,5
canny,6,5
canid,2,5
saner,10,5
cants,11,5
ranid,4,5
canna,2,5
manna,3,5
fanny,7,5
nanny,4,5
canoe,1,6
fanon,2,5
canso,2,5
canto,8,5
canst,1,5
panto,7,5
santo,3,5
tanto,4,5
cento,4,5
conto,5,5
hants,14,5
pants,13,5
rants,10,5
wants,12,5
carts,19,5
gaped,10,5
japed,8,5
raped,19,5
taped,12,5
coped,21,5
gaper,11,5
japer,8,5
paper,14,5
raper,17,5
taper,16,5
coper,17,5
gapes,13,5
japes,11,5
napes,10,5
rapes,20,5
tapes,20,5
cepes,5,5
copes,23,5
caphs,3,5
capos,3,5
kaphs,3,5
yapon,3,5
caput,1,
kaput,1,
carat,2,5
karat,3,5
carbo,2,5
cargo,3,5
carrs,11,5
cords,13,5
cered,6,5
cured,10,5
carex,4,5
curer,10,5
ceres,13,5
cires,13,5
largo,3,5
pargo,5,5
corks,14,5
farle,5,5
parle,6,5
carse,8,5
carte,5,5
earls,7,5
farls,14,5
harls,16,5
jarls,6,5
marls,14,5
corns,16,5
corny,7,5
carry,7,5
carol,3,5
carom,2,5
parol,1,6
harps,11,5
tarps,9,5
warps,10,5
corps,11,5
parrs,10,5
harry,9,5
marry,8,5
parry,8,5
tarry,8,5
marse,7,5
parse,10,5
corse,8,5
cause,3,5
darts,15,5
farts,16,5
harts,19,5
karts,9,5
marts,17,5
parts,19,5
tarts,16,5
warts,21,5
parve,6,5
varve,4,5
curve,4,5
casus,4,5
coses,22,5
casky,1,5
cists,10,5
costs,11,5
cysts,4,5
dater,15,5
eater,14,5
hater,16,5
later,23,5
mater,20,5
oater,15,5
pater,22,5
rater,21,5
tater,21,5
water,17,5
cuter,8,5
cetes,10,5
cotes,22,5
cutes,13,5
cauld,5,5
fauld,3,5
yauld,2,5
could,3,5
hauls,8,5
mauls,9,5
sauls,8,5
wauls,8,5
pause,4,5
cruse,5,5
eaved,9,5
laved,19,5
paved,17,5
raved,22,5
saved,12,5
waved,17,5
coved,20,5
haver,13,5
laver,20,5
paver,16,5
raver,20,5
saver,18,5
waver,17,5
cover,17,5
eaves,13,5
faves,22,5
haves,21,5
laves,23,5
naves,17,5
oaves,11,5
paves,21,5
raves,27,5
saves,21,5
waves,22,5
coves,21,5
cavie,3,5
mavie,5,5
civie,3,5
cavil,2,5
civil,3,6
dawed,15,5
hawed,16,5
jawed,13,5
lawed,19,5
mawed,16,5
pawed,18,5
sawed,16,5
tawed,16,5
yawed,10,5
cease,6,5
fease,7,5
lease,9,5
pease,10,5
tease,6,5
chase,7,5
cense,6,5
cebid,1,5
rebid,4,5
cecal,2,5
decal,6,5
fecal,5,5
cedar,1,5
ceder,8,5
ceded,5,5
reded,5,5
heder,5,5
seder,5,5
coder,15,5
cyder,3,5
ceils,5,5
deils,5,5
heils,9,5
veils,6,5
fella,3,5
celli,3,5
cello,4,5
hello,7,5
cults,6,5
dense,5,5
lense,6,5
mense,7,5
sense,8,5
tense,7,5
lento,1,5
sered,7,5
feres,12,5
heres,15,5
meres,13,5
seres,11,5
ceros,3,5
ceria,4,5
feria,1,6
coria,4,5
curia,4,5
ceric,2,5
xeric,2,5
heros,10,5
zeros,3,5
cesta,4,5
testa,6,5
vesta,4,5
costa,4,5
cesti,1,6
fetes,11,5
jetes,5,5
metes,13,5
chads,9,5
shads,10,5
clads,11,5
chams,13,5
chaos,7,5
chaps,14,5
chars,15,5
chats,12,5
chaws,13,5
chays,9,5
chafe,4,5
chape,7,5
chare,12,5
chaff,2,5
chuff,2,5
chain,1,5
chair,3,5
choir,1,5
charr,10,5
chalk,1,5
chark,10,5
champ,6,5
clamp,6,5
cramp,7,5
chimp,7,5
chomp,5,5
chump,8,5
shams,12,5
whams,6,5
crams,12,5
chums,4,5
chant,3,5
chapt,6,5
chart,10,5
shape,8,5
crape,11,5
whaps,6,5
claps,14,5
craps,12,5
chips,9,5
chops,8,5
clapt,6,5
coapt,6,5
chard,9,5
shard,7,5
chord,2,5
charm,10,5
chary,8,5
share,18,5
chore,7,5
shark,11,5
chirk,8,5
tharm,2,5
chirm,5,5
chasm,2,5
chirr,8,5
churr,4,5
czars,3,5
chert,3,5
phase,4,5
chose,6,5
ghats,5,5
khats,7,5
whats,7,5
chits,7,5
shaws,14,5
thaws,3,5
chews,10,5
chows,6,5
shays,10,5
clays,12,5
cheap,2,5
cheep,6,5
cheat,5,5
wheat,2,5
chest,4,5
check,4,5
chick,10,5
chock,7,5
chuck,7,5
cheek,5,5
cleek,5,5
creek,7,5
cheer,3,5
sheep,9,5
wheep,5,5
creep,5,5
sheer,12,5
chefs,3,5
chess,4,5
cress,8,5
crest,7,5
cheth,1,5
kheth,2,5
chevy,2,5
chivy,2,5
chewy,3,5
shews,13,5
thews,7,5
whews,6,5
clews,7,5
thewy,2,5
chiao,4,5
chico,5,5
chino,8,5
chiro,7,5
chias,6,5
ohias,2,5
chics,6,5
thick,4,5
click,8,5
chink,9,5
chide,4,5
chile,9,5
chime,9,5
chine,12,5
chive,6,5
chief,2,5
thief,1,6
chiel,3,5
shiel,6,5
chill,6,5
child,3,5
chili,3,5
while,5,5
chyle,3,5
shill,10,5
thill,6,5
chimb,3,5
climb,3,5
clime,6,5
crime,7,5
chyme,4,5
crimp,6,5
chirp,5,5
china,4,5
shine,11,5
thine,9,5
whine,7,5
think,7,5
chunk,4,5
rhino,1,5
shins,14,5
thins,9,5
whins,13,5
ships,11,5
whips,11,5
shirk,7,5
shirr,7,5
whirr,4,5
shits,14,5
whits,14,5
shive,9,5
shock,6,5
chook,3,5
choke,3,5
choky,2,5
cooky,12,5
whomp,3,5
clomp,4,5
shook,9,5
shops,12,5
whops,5,5
clops,14,5
coops,17,5
crops,9,5
shore,15,5
whore,7,5
crore,4,5
those,4,5
whose,5,5
close,4,5
chott,1,5
shott,7,5
dhows,2,5
shows,15,5
chubs,3,5
chugs,3,5
shuck,5,5
cluck,7,5
cruck,6,5
chufa,1,6
thugs,3,5
thump,4,5
whump,3,5
clump,7,5
crump,8,5
thunk,4,5
clunk,9,5
churl,3,5
thurl,2,5
churn,2,5
chute,1,5
shute,5,5
phyle,2,5
rhyme,2,5
thyme,5,5
cilia,1,
milia,2,
cinch,4,5
finch,5,5
pinch,5,5
winch,6,5
conch,4,5
cions,4,5
lions,6,5
pions,8,5
clons,10,5
fires,20,5
hires,14,5
mires,21,5
sires,21,5
tires,18,5
vires,14,5
wires,19,5
cisco,2,5
disco,4,5
pisco,2,5
cissy,4,5
hissy,5,5
kissy,4,5
missy,9,5
sissy,5,5
fists,10,5
gists,13,5
hists,11,5
kists,8,5
lists,13,5
mists,16,5
wists,12,5
cited,6,5
kited,5,5
sited,9,5
wited,12,5
coted,17,5
civet,2,5
rivet,6,5
covet,8,5
civic,2,6
civvy,1,
divvy,1,
clach,3,5
coach,8,5
clash,8,5
crack,7,5
clave,5,5
glads,8,5
clods,7,5
clags,11,5
class,12,5
flags,11,5
slags,16,5
clogs,8,5
clasp,4,5
cling,7,5
clung,5,5
clonk,8,5
cyans,2,5
flaps,12,5
slaps,13,5
clept,7,5
clipt,5,5
claro,1,6
flash,6,5
plash,5,5
slash,9,5
glass,5,5
slave,7,5
clove,5,5
clavi,1,5
flays,12,5
plays,8,5
slays,13,5
cloys,7,5
clean,3,5
glean,2,5
cleft,4,5
gleek,6,5
sleek,6,5
clerk,1,5
clift,3,5
clepe,2,5
crepe,6,5
slept,4,5
crept,5,5
flews,8,5
plews,6,5
slews,11,5
flick,6,5
slick,8,5
cliff,2,5
gliff,2,5
clomb,3,5
glime,6,5
slime,8,5
fling,5,5
sling,8,5
cuing,3,5
slipt,4,5
cloak,3,5
croak,5,5
plods,7,5
flogs,9,5
slogs,12,5
coomb,1,5
crone,10,5
cloze,5,5
plonk,4,5
cloot,1,6
clout,5,5
flops,11,5
glops,9,5
plops,10,5
slops,16,5
cloth,2,5
sloth,4,5
clour,3,5
flour,3,5
flout,4,5
glout,5,5
glove,4,5
ploys,6,5
gloze,4,5
croze,5,5
pluck,3,5
flump,5,5
plump,7,5
slump,6,5
flung,5,5
slung,7,5
flunk,5,5
plunk,7,5
slunk,9,5
loach,5,5
poach,7,5
roach,5,5
cooch,6,5
couch,9,5
coact,3,5
coala,3,5
koala,1,5
coals,8,5
coaly,5,5
foals,7,5
goals,4,5
cools,14,5
colly,11,5
cooly,9,5
coyly,4,5
compt,5,5
coopt,3,5
coati,1,5
cobbs,2,5
corby,4,5
cobia,2,5
cobra,3,5
noble,3,5
roble,3,5
dobra,3,5
copra,1,6
codas,5,5
cocos,5,5
cocky,6,5
pocky,6,5
rocky,4,5
conky,7,5
corky,9,5
cocoa,1,5
locos,7,5
cohos,2,5
sodas,6,5
codec,6,5
cosec,5,5
coden,10,5
codex,5,5
coled,18,5
coyed,14,5
loden,3,5
copen,6,5
coven,12,5
cozen,6,5
codon,3,5
comer,11,5
cooer,11,5
coyer,10,5
cozes,15,5
cogon,2,5
colon,6,5
coeds,2,5
coifs,6,5
coofs,13,5
cohog,2,5
colog,3,5
cuifs,3,5
coirs,4,5
foins,5,5
joins,5,5
loins,5,5
conns,6,5
noirs,2,5
hoked,13,5
joked,11,5
poked,14,5
toked,15,5
yoked,8,5
hokes,17,5
jokes,14,5
mokes,17,5
pokes,20,5
sokes,13,5
tokes,19,5
yokes,12,5
doled,14,5
holed,14,5
poled,15,5
soled,10,5
toled,14,5
voled,9,5
colic,3,5
comic,4,5
conic,8,5
colin,4,5
conin,3,5
covin,3,5
dolly,15,5
folly,11,5
golly,11,5
holly,13,5
jolly,10,5
lolly,9,5
molly,9,5
color,3,5
solon,4,5
dolor,2,6
comae,6,5
cymae,3,5
coxae,2,5
comte,3,5
comal,6,5
domal,2,5
copal,4,5
coxal,4,5
nomas,8,5
somas,8,5
combo,4,5
gombo,2,5
homer,8,5
vomer,4,5
comet,5,5
domes,17,5
homes,18,5
momes,16,5
nomes,14,5
pomes,14,5
tomes,15,5
coset,6,5
comfy,1,5
commy,5,5
domic,1,6
comix,1,6
comma,2,5
momma,3,5
mommy,6,5
pommy,3,5
tommy,5,5
pomps,6,5
romps,5,5
coups,7,5
conte,4,5
condo,5,5
mondo,5,5
rondo,3,5
tondo,4,5
cooey,13,5
cosey,9,5
covey,9,5
cozey,6,5
conga,4,5
donga,4,5
tonga,3,5
conge,4,5
longe,4,5
ionic,5,5
sonic,5,5
tonic,8,5
yonic,6,5
cynic,1,5
honky,7,5
wonky,3,5
monte,6,5
hooch,4,5
mooch,4,5
pooch,6,5
cooee,3,5
wooer,2,5
gooey,10,5
hooey,12,5
looey,8,5
sooey,5,5
goofs,12,5
hoofs,11,5
loofs,13,5
poofs,14,5
roofs,11,5
woofs,10,5
gooky,12,5
hooky,12,5
kooky,6,5
nooky,6,5
rooky,9,5
fools,11,5
mools,12,5
pools,11,5
tools,9,5
wools,9,5
dooly,8,5
hooly,9,5
wooly,6,5
goops,12,5
hoops,9,5
loops,12,5
poops,13,5
woops,9,5
nopal,3,5
doped,16,5
hoped,14,5
loped,13,5
moped,12,5
roped,15,5
toped,17,5
doper,14,5
hoper,12,5
loper,13,5
moper,11,5
roper,14,5
toper,15,5
dopes,19,5
hopes,16,5
lopes,17,5
mopes,18,5
popes,15,5
ropes,18,5
topes,21,5
copse,1,5
forby,5,5
fords,14,5
lords,8,5
sords,12,5
words,12,5
corms,9,5
noria,2,5
dorks,11,5
forks,11,5
porks,11,5
works,9,5
dorky,7,5
forky,8,5
porky,8,5
dorms,11,5
forms,13,5
norms,5,5
worms,9,5
horns,7,5
morns,9,5
porns,11,5
sorns,10,5
cornu,2,5
horny,4,5
porny,6,5
dorps,5,5
gorps,4,5
gorse,8,5
horse,10,5
morse,9,5
torse,11,5
worse,6,5
cusec,1,5
doses,15,5
hoses,16,5
loses,18,5
noses,12,5
poses,18,5
roses,17,5
roset,4,5
mosey,6,5
nosey,4,5
cosie,1,
cozie,1,
hosta,2,5
cotta,1,5
hosts,9,5
mosts,13,5
posts,9,5
doted,13,5
noted,7,5
toted,13,5
voted,8,5
dotes,17,5
motes,23,5
notes,14,5
rotes,18,5
totes,16,5
votes,10,5
mouch,6,5
pouch,7,5
touch,7,5
vouch,4,5
couth,6,5
coude,2,5
crude,4,5
coupe,3,5
mould,4,5
would,5,5
count,3,6
fount,3,5
mount,4,5
court,1,7
loupe,4,5
loups,8,5
roups,7,5
soups,9,5
mouth,6,5
routh,8,5
south,6,5
youth,4,5
loved,12,5
moved,8,5
roved,12,5
doven,7,5
roven,10,5
woven,5,5
hover,9,5
lover,13,5
mover,8,5
rover,12,5
doves,13,5
loves,16,5
moves,14,5
roves,15,5
cowry,1,5
dowry,3,5
joyed,4,5
toyed,9,5
foyer,5,5
toyer,10,5
doyly,5,5
dozen,7,5
dozes,13,5
oozes,3,5
craal,3,5
graal,3,5
kraal,2,5
crabs,8,5
drabs,9,5
grabs,8,5
cribs,3,5
track,10,5
wrack,5,5
craft,4,5
draft,5,5
graft,5,5
kraft,5,5
croft,1,5
crane,7,5
crate,10,5
gramp,6,5
tramp,5,5
drams,11,5
grams,11,5
prams,10,5
trams,11,5
drape,5,5
grape,11,5
cripe,5,5
fraps,8,5
traps,9,5
wraps,5,5
cross,8,5
grate,10,5
irate,6,5
orate,6,5
prate,8,5
urate,7,5
crazy,1,5
credo,1,
uredo,1,
cried,8,5
creel,4,5
greek,6,5
cruel,3,5
kreep,1,5
creme,2,5
crepy,2,5
crypt,1,5
dress,8,5
press,11,5
tress,10,5
drest,5,5
prest,7,5
wrest,5,5
crust,5,5
dribs,5,5
dried,8,5
fried,9,5
pried,9,5
tried,10,5
wried,7,5
grime,7,5
prime,11,5
primp,6,5
crisp,1,5
gripe,9,5
tripe,9,5
troak,2,5
croci,2,5
crocs,5,5
drone,6,5
irone,7,5
krone,6,5
prone,12,5
trone,11,5
crony,2,5
irony,3,5
croon,3,5
kroon,1,5
drops,5,5
props,12,5
frore,3,5
dross,5,5
gross,9,5
pross,16,5
croup,1,6
group,2,5
crowd,2,5
froze,2,5
truck,6,5
prude,3,5
cruds,1,5
gruel,2,5
cruet,2,5
crumb,1,5
frump,4,5
grump,5,5
trump,6,5
druse,3,5
trust,3,5
cubeb,3,5
cubed,5,5
cubes,11,5
tubed,4,5
suber,6,5
tuber,7,5
jubes,10,5
lubes,13,5
pubes,10,5
rubes,11,5
tubes,12,5
cubic,2,5
pubic,3,5
cubit,1,6
curdy,5,5
curfs,10,5
ruing,3,5
suing,6,5
dukes,13,5
jukes,10,5
nukes,6,5
pukes,12,5
culch,4,6
gulch,2,6
mulch,6,5
curch,3,5
culet,2,5
culex,1,5
culpa,1,5
cuppa,2,5
culti,1,5
cumin,1,5
cutin,4,5
cuppy,3,5
guppy,4,5
puppy,6,5
lurch,3,5
curvy,4,5
dured,8,5
lured,8,5
mured,10,5
lurer,6,5
purer,6,5
surer,7,5
surfs,6,5
turfs,8,5
curie,6,5
curio,2,5
ourie,2,5
cutie,3,5
cusps,1,5
cusso,1,
kusso,1,
muter,8,5
outer,7,5
cutey,3,5
jutes,7,5
lutes,12,5
mutes,13,5
cutis,3,5
rutin,1,5
cyano,1,5
cycad,1,5
cycle,1,
cyclo,1,
kylix,1,
cymar,2,5
zymes,1,5
xysts,2,5
izars,2,5
tzars,4,5
daces,13,5
faces,22,5
laces,19,5
maces,19,5
paces,20,5
races,21,5
taces,20,5
duces,11,5
dazes,13,5
dacha,1,5
pacha,2,5
dadas,2,5
nadas,2,5
dados,6,5
fados,5,5
didos,5,5
dodos,3,5
dagos,3,5
datos,5,5
sagos,5,5
daily,6,5
gaily,3,5
doily,7,5
drily,4,5
dairy,4,5
daisy,2,5
fairy,4,5
hairy,4,5
deles,12,5
daman,1,
damar,1,
demes,11,5
dimes,13,5
damns,4,5
dawns,9,5
dance,5,5
hance,6,5
lance,4,5
nance,6,5
rance,7,5
dunce,3,5
dings,17,5
daubs,5,5
dazed,11,5
dawks,5,5
dauts,5,5
dawts,4,5
dashi,1,5
dashy,4,5
mashy,5,5
washy,3,5
dishy,2,5
deter,5,5
doter,11,5
jatos,2,5
ratos,4,5
datto,1,5
ditto,2,5
daube,2,5
dauby,2,5
drubs,6,5
daunt,5,5
gaunt,7,5
haunt,5,5
jaunt,5,5
taunt,6,5
vaunt,6,5
mauts,8,5
tauts,5,5
daven,5,5
haven,5,5
maven,4,5
raven,10,5
dawen,2,5
dewed,10,5
gawks,5,5
hawks,7,5
fawns,6,5
lawns,5,5
pawns,6,5
yawns,7,5
downs,4,5
fazed,16,5
gazed,12,5
hazed,15,5
lazed,16,5
mazed,13,5
razed,19,5
dozed,11,5
fazes,18,5
gazes,14,5
hazes,17,5
lazes,15,5
mazes,18,5
razes,20,5
duads,4,5
dyads,2,5
deeds,13,5
deals,18,5
heals,17,5
meals,16,5
peals,15,5
reals,16,5
seals,15,5
teals,15,5
veals,12,5
weals,13,5
zeals,9,5
dhals,4,5
dials,9,5
duals,6,5
dealt,1,5
deary,7,5
leary,10,5
teary,5,5
weary,4,5
diary,1,5
decry,4,5
deash,2,5
leash,4,5
death,4,5
heath,3,5
neath,3,5
depth,1,5
deave,6,5
heave,6,5
leave,6,5
reave,6,5
weave,4,5
delve,2,5
debar,3,5
kebar,4,5
rebar,2,6
dewar,4,5
debit,2,5
demit,2,5
debut,3,5
debts,2,5
debug,1,6
rebut,4,5
decaf,2,5
decay,6,5
ducal,3,5
dedal,3,5
deray,5,5
decoy,4,5
dicks,18,5
desks,3,5
decos,4,5
decor,2,5
demos,5,5
medal,4,5
pedal,4,5
feeds,11,5
heeds,10,5
meeds,11,5
needs,11,5
reeds,14,5
seeds,17,5
weeds,14,5
deems,8,5
deedy,5,5
needy,6,5
reedy,8,5
seedy,7,5
weedy,7,5
neems,6,5
seems,10,5
teems,7,5
doers,6,5
dyers,5,5
diets,4,5
duets,8,5
defat,1,5
derat,2,5
defer,2,5
refer,4,5
defis,1,5
delis,4,5
degas,1,5
devas,2,5
deice,1,5
deuce,2,5
deify,2,5
reify,3,5
deity,1,6
deign,2,
feign,2,
reign,2,
deism,2,5
seism,2,5
deist,4,5
feist,6,5
heist,4,5
neist,3,5
deked,6,5
duked,10,5
dyked,6,5
deled,4,5
dekes,9,5
pekes,7,5
dykes,10,5
dexes,10,5
peles,11,5
teles,9,5
delfs,6,5
pelfs,4,5
selfs,5,5
delft,1,5
helve,3,5
femes,9,5
hemes,9,5
semes,7,5
remit,5,5
demob,2,5
demon,4,5
lemon,2,5
devon,1,5
memos,1,5
demur,2,
femur,2,
lemur,2,
dunes,14,5
dynes,6,5
depot,1,5
repot,2,5
derby,3,5
herby,3,5
derma,2,5
herma,2,5
meter,8,5
peter,3,5
douce,3,5
divas,6,5
devil,2,5
kevil,2,5
dewan,5,5
rewan,9,5
sewan,4,5
diwan,2,5
dewax,3,5
sewar,4,5
rewax,4,5
hewed,9,5
jewed,9,5
mewed,9,5
rewed,10,5
sewed,11,5
tewed,8,5
hexes,11,5
kexes,6,5
lexes,11,5
rexes,9,5
sexes,12,5
vexes,8,5
dexie,1,5
doxie,5,5
dhaks,1,5
dhobi,1,
dhoti,2,
dhole,2,5
thole,3,5
whole,6,5
dhuti,1,
rials,6,5
sials,5,5
vials,7,5
diols,4,5
diced,8,5
riced,9,5
viced,5,5
dined,12,5
dived,10,5
dicer,10,5
dicey,6,5
nicer,3,5
ricer,11,5
diner,11,5
dives,16,5
dikey,5,5
dicky,7,5
dicty,5,5
hicks,14,5
kicks,14,5
licks,14,5
micks,17,5
nicks,12,5
picks,17,5
ricks,17,5
sicks,17,5
ticks,12,5
wicks,12,5
dinks,19,5
kicky,4,5
picky,6,5
ducky,8,5
dinky,7,5
dicot,2,
picot,4,
divot,2,
dicta,1,5
dirty,4,5
eidos,3,5
fidos,6,5
lidos,5,5
didst,1,
midst,1,
digit,2,6
dixit,2,5
dykey,3,5
dimly,1,5
limes,16,5
mimes,15,5
rimes,14,5
times,13,5
dinar,1,5
fined,13,5
lined,14,5
mined,14,5
pined,13,5
tined,16,5
vined,11,5
wined,17,5
finer,11,5
liner,14,5
miner,11,5
dirge,1,5
dingy,9,5
kings,13,5
lings,18,5
pings,16,5
rings,11,5
sings,14,5
tings,14,5
wings,13,5
zings,10,5
lingy,11,5
mingy,8,5
wingy,8,5
zingy,7,5
dungy,2,5
finks,16,5
ginks,12,5
jinks,13,5
kinks,20,5
links,19,5
minks,22,5
oinks,11,5
pinks,19,5
rinks,16,5
sinks,17,5
winks,17,5
kinky,6,5
linky,10,5
pinky,10,5
zinky,6,5
viols,5,5
dippy,5,5
hippy,8,5
lippy,6,5
nippy,6,5
tippy,6,5
zippy,6,5
disci,2,5
discs,4,5
fiscs,2,5
fishy,1,6
ditas,4,5
litas,6,5
pitas,7,5
ditzy,4,5
dotty,4,5
ritzy,1,5
dizzy,3,5
divan,2,5
kivas,4,5
vivas,5,5
hived,9,5
jived,9,5
lived,14,5
rived,15,5
wived,15,5
fives,15,5
gives,11,5
hives,12,5
jives,11,5
lives,15,5
rives,21,5
wives,19,5
pivot,4,
fixit,1,6
dizen,3,5
mizen,2,5
wizen,4,5
fizzy,3,5
tizzy,2,5
djinn,1,
djins,1,
doits,4,5
dobie,3,5
dowie,7,5
dobla,1,6
doura,2,5
dodge,3,5
lodge,4,5
wodge,3,5
dodgy,3,5
podgy,3,5
dojos,2,5
goers,2,5
hoers,4,5
dorrs,6,5
doest,1,5
doges,9,5
loges,12,5
dopey,6,5
doggo,1,5
dogma,2,5
dolma,2,5
douma,4,5
noily,5,5
roily,3,5
dying,6,5
toits,7,5
duits,7,5
mojos,3,5
dolce,2,5
dolci,1,5
domed,8,5
dosed,12,5
donor,2,5
dotal,3,5
homed,9,5
donas,4,5
monas,11,5
nonas,6,5
dopas,2,5
donee,1,6
donna,2,5
honor,2,5
donsy,1,6
sonsy,3,5
doums,4,5
dormy,5,5
duped,6,5
duper,4,5
doser,8,5
dozer,7,5
dupes,10,5
mopey,8,5
ropey,5,5
wormy,4,5
hosed,12,5
nosed,7,5
posed,10,5
rosed,11,5
loser,9,5
poser,7,5
notal,5,5
total,3,5
noter,6,5
toter,13,5
voter,7,5
jotty,5,5
potty,8,5
doyen,2,5
dowdy,4,5
howdy,3,5
rowdy,2,5
downy,4,5
towie,4,5
yowie,3,6
zowie,3,6
gowns,5,5
towns,4,5
towny,3,5
moxie,3,5
dryly,3,5
oozed,3,5
draff,1,5
drift,3,5
dregs,5,5
drugs,6,5
drama,2,5
grama,4,5
drunk,3,5
drupe,2,5
drive,2,5
drove,6,5
dryad,1,5
drear,2,5
dreck,1,6
wreck,4,5
dreks,4,5
treks,6,5
drips,6,5
dryer,4,5
grift,6,5
dript,4,5
droll,3,5
grips,9,5
trips,8,5
gript,7,5
dropt,3,5
droit,1,5
troll,3,5
drool,2,5
droop,2,5
troop,3,5
grove,6,5
prove,8,5
trove,8,5
grubs,3,5
frugs,5,5
trugs,6,5
trunk,4,5
fryer,8,5
pryer,6,5
wryer,4,5
wryly,1,5
quads,7,5
duels,4,5
ducat,1,5
luces,11,5
puces,8,5
dudes,9,5
ducts,6,5
duchy,1,5
lucky,4,5
mucky,6,5
yucky,4,5
dumky,5,5
dusky,6,5
duded,4,5
gudes,4,5
ludes,12,5
nudes,7,5
fuels,4,5
suets,5,5
quits,6,5
suits,9,5
juked,5,5
nuked,5,5
puked,7,5
dulse,1,5
pulse,2,5
dumas,4,5
pumas,6,5
dumbs,3,5
numbs,1,6
dumka,1,5
dummy,7,5
gummy,8,5
mummy,8,5
rummy,6,5
tummy,7,5
yummy,5,5
ounce,1,6
lunes,18,5
runes,8,5
tunes,13,5
duomi,1,
duomo,1,
super,4,5
jupes,6,5
supes,4,5
duros,6,5
duroc,1,5
euros,1,5
durra,3,5
murra,6,5
surra,5,5
husky,6,5
musky,8,5
dwarf,1,5
swarf,6,5
dwell,2,5
swell,6,5
dwelt,1,5
dwine,2,5
swine,9,5
twine,7,5
eyers,5,5
oyers,5,5
tyers,5,5
eying,6,5
hying,5,5
lying,5,5
tying,6,5
vying,5,5
ryked,3,5
fykes,6,5
rykes,6,5
sykes,8,5
tykes,11,5
dynel,1,5
tynes,9,5
edger,4,5
eagle,1,
eagre,1,
erred,1,5
early,2,5
marly,6,5
earth,1,5
garth,2,5
easel,2,5
eaten,4,5
laten,7,5
oaten,6,5
paten,7,5
enter,4,5
elves,2,5
ebbed,2,
embed,3,
ebbet,1,
ebons,2,6
ebony,1,7
echos,2,5
ethos,1,5
edema,1,
enema,2,
edged,3,5
egged,2,5
edges,2,5
edict,2,
evict,1,
educt,3,
edile,1,6
emits,4,6
exits,2,6
educe,1,
eruct,3,
eyrie,3,
ewers,2,5
eggar,1,5
ender,5,5
eject,2,
elect,2,
erect,3,
eking,1,6
elfin,2,5
enate,1,5
elute,4,5
elbow,1,
embow,1,
elver,2,5
elide,4,5
glide,7,5
slide,6,5
elude,4,5
elint,2,5
flint,6,5
glint,2,5
evite,1,5
elope,1,5
slope,6,5
etude,2,5
exude,2,5
flute,6,5
embar,2,6
embay,1,7
imbed,2,
emmer,3,
emery,1,8
every,2,6
omits,2,7
emmet,1,
emote,1,5
smote,4,5
emyde,1,
emyds,1,
enact,2,
epact,2,
exact,3,
ended,1,5
under,3,6
endow,1,
indow,2,
endue,3,7
indue,3,6
undue,3,5
ensue,1,5
enemy,1,
enjoy,1,
envoy,2,
enols,1,5
enows,3,5
knows,6,5
snows,11,5
inter,4,6
enure,1,
inure,2,
envoi,1,
eosin,1,5
rosin,3,5
ephah,1,
ephas,1,
ephod,1,
ephor,1,
epics,1,5
spics,11,5
epode,2,5
spode,4,5
erode,3,5
equid,2,
squid,3,
equip,1,
erase,3,5
prase,8,5
urase,5,5
ernes,1,5
trode,6,5
erupt,1,
escar,1,6
eskar,2,5
ether,2,6
ither,2,6
other,4,5
event,2,5
exert,1,6
exalt,2,
exult,1,
excel,1,
expel,1,
exine,1,5
eyras,1,5
kyrie,1,
eyrir,1,
faced,15,5
laced,16,5
maced,11,5
paced,14,5
raced,17,5
faded,14,5
famed,14,5
faxed,14,5
facer,10,5
facet,4,5
lacer,16,5
macer,10,5
pacer,14,5
racer,15,5
fader,7,5
feces,8,5
fyces,5,5
faxes,19,5
facts,5,5
tacet,3,5
pacts,8,5
tacts,8,5
haded,12,5
jaded,7,5
laded,16,5
waded,13,5
lader,14,5
wader,12,5
fidge,4,5
fanos,7,5
faros,9,5
faena,2,6
fauna,3,5
faery,2,5
fiery,2,5
fagot,1,
magot,1,
fairs,8,5
faint,5,5
paint,6,5
saint,7,5
taint,5,5
feint,3,5
hairs,11,5
lairs,8,5
mairs,11,5
pairs,10,5
vairs,7,5
wairs,12,5
frith,6,5
fakir,2,5
faqir,1,5
false,1,6
valse,3,5
gamed,11,5
lamed,16,5
named,8,5
tamed,11,5
fumed,6,5
fumes,7,5
fancy,3,5
nancy,3,5
farcy,3,5
fanga,3,5
panga,4,5
sanga,4,5
finny,9,5
fawny,4,5
manos,8,5
finos,11,5
farad,1,5
farce,4,5
force,4,5
farci,2,5
firms,5,5
saros,7,5
taros,13,5
fatal,3,5
natal,5,5
ratal,4,5
fetal,7,5
feted,5,5
fatly,3,5
patly,4,5
fitly,2,5
faugh,4,5
haugh,5,5
laugh,6,5
saugh,7,5
waugh,4,5
fault,4,5
gault,4,5
sault,4,5
vault,4,5
sauna,1,6
fauns,2,5
fauve,1,
mauve,1,
favas,5,5
javas,3,5
kavas,8,5
lavas,5,5
favus,2,5
favor,1,5
savor,4,5
lawny,3,5
tawny,3,5
raxed,14,5
taxed,9,5
waxed,13,5
fixed,10,5
maxes,18,5
paxes,18,5
raxes,20,5
saxes,18,5
taxes,21,5
waxes,18,5
zaxes,7,5
fixes,14,5
fuzed,5,5
fezes,7,5
fuzes,6,5
fiars,3,5
fesse,3,5
feaze,2,5
fiats,5,5
feeze,2,5
focal,3,5
feral,3,5
feods,4,5
feuds,4,5
feels,9,5
heels,11,5
keels,12,5
peels,11,5
reels,11,5
seels,14,5
teels,11,5
heeze,1,6
foist,4,5
felid,2,5
gelid,2,5
fetid,2,5
ferly,4,5
feyly,2,5
felon,2,10
melon,3,9
pelon,3,10
fence,2,5
hence,3,5
pence,5,5
ferny,4,5
foods,12,5
seral,6,5
ferns,6,5
herns,10,5
kerns,9,5
terns,8,5
firry,3,5
jesse,1,6
fosse,3,5
metal,4,5
petal,5,5
setal,6,5
fetus,2,5
fetch,5,5
ketch,5,5
letch,7,5
retch,7,5
vetch,4,5
meted,6,5
feued,2,5
leuds,4,5
fever,6,5
lever,10,5
never,5,5
sever,9,5
fewer,5,5
feyer,5,5
hewer,6,5
newer,5,5
sewer,10,5
flyer,7,5
mezes,4,5
liars,4,5
fiber,9,5
giber,6,5
jiber,6,5
liber,10,5
fifer,10,5
filer,14,5
fixer,9,5
fifes,9,5
ficus,3,5
fiche,3,5
miche,3,5
niche,2,5
fichu,1,5
ficin,1,
ricin,1,
focus,4,5
fucus,5,5
midge,2,6
ridge,3,6
filos,8,5
fiefs,1,5
kiefs,3,5
fjeld,1,
fiend,1,
fifed,7,5
wifed,9,5
lifer,8,5
rifer,9,5
wifes,11,5
fifth,3,5
filth,4,5
fifty,3,5
nifty,3,5
wifty,3,5
filar,3,5
hilar,2,5
pilar,6,5
filch,5,5
milch,3,5
zilch,2,5
filet,3,5
miler,10,5
oiler,6,5
tiler,10,5
viler,5,5
films,5,5
fille,5,5
mille,3,5
rille,4,5
fillo,4,5
hillo,7,5
filmy,2,5
kilos,8,5
milos,8,5
silos,8,5
tilth,2,5
filum,1,5
hilum,2,5
finis,5,5
minis,11,5
ginny,7,5
hinny,6,5
minny,9,5
ninny,7,5
pinny,11,5
tinny,7,5
kinos,11,5
linos,12,5
vinos,6,5
winos,8,5
fiord,1,
fjord,1,
fique,1,
pique,1,
forth,6,5
mixed,8,5
nixed,4,5
mixer,8,5
mixes,14,5
nixes,8,5
pixes,12,5
sixes,15,5
fuzzy,3,5
fleck,3,5
flask,3,5
flail,2,5
flair,2,6
glair,1,7
flake,5,5
slake,7,5
fluke,4,5
flaky,5,5
fluky,3,5
flamy,6,5
flawy,4,5
flaxy,3,5
frame,1,5
foams,6,5
foamy,3,5
flesh,3,5
flits,7,5
fleys,5,5
fleam,2,5
gleam,3,5
fleas,5,5
pleas,5,5
flees,10,5
fleer,5,5
freer,5,5
flier,7,5
fleet,4,5
glees,10,5
flies,10,5
gleet,6,5
sleet,8,5
fresh,2,5
gleys,5,5
flics,5,5
flied,5,5
plied,4,5
plier,6,5
slier,6,5
plies,4,5
flirt,1,5
flyte,2,5
slits,11,5
floss,6,5
froes,6,5
frogs,9,5
floor,3,5
fluor,1,5
flora,1,
flota,1,
gloss,8,5
fluid,1,5
fluty,2,5
plyer,5,5
slyer,5,5
fouls,6,5
loams,7,5
roams,7,5
loamy,2,5
local,4,5
vocal,2,5
hocus,3,5
locus,7,5
fohns,2,5
johns,2,5
hoist,6,5
joist,5,5
moist,4,5
folks,5,5
folia,1,6
folio,2,5
polio,2,5
holks,11,5
yolks,5,5
folky,4,5
yolky,2,5
fonts,4,5
fondu,1,5
wonts,4,5
goods,14,5
hoods,12,5
moods,12,5
poods,14,5
roods,11,5
woods,13,5
foram,3,5
joram,2,6
forum,2,6
foray,5,5
moray,4,5
forbs,7,5
sorbs,7,5
forge,5,5
forme,4,5
forte,7,5
fordo,2,5
forgo,3,5
gorge,4,5
sorgo,1,5
torte,3,5
north,2,5
worth,3,5
jorum,2,7
fossa,1,5
posse,3,5
souls,7,5
fours,7,5
hours,9,5
lours,10,5
pours,8,5
sours,12,5
tours,7,5
yours,7,5
franc,1,5
frets,4,5
fremd,1,5
frere,1,5
frosh,3,5
trets,7,5
grith,2,5
fritz,4,5
frizz,1,5
frons,6,5
grogs,6,5
progs,10,5
frond,2,5
front,3,5
irons,5,5
frost,3,5
prost,6,5
fubsy,1,5
fussy,7,5
mucus,3,5
fugus,2,5
fugal,2,6
jugal,3,5
rugal,5,5
fugue,2,5
fumer,3,5
fumet,3,5
fundi,2,5
fungi,3,5
lungi,3,5
fungo,2,5
mungo,3,5
funky,6,5
gunky,6,5
hunky,9,5
junky,5,5
punky,9,5
furor,1,
juror,1,
furzy,3,5
furze,1,5
fusee,4,5
fusel,5,5
fuzee,3,5
ousel,2,6
fusil,2,5
fuzil,1,5
gussy,9,5
hussy,7,5
mussy,12,5
pussy,7,5
wussy,5,5
futon,2,
muton,2,
puton,3,
muzzy,1,6
syces,4,5
gadid,1,5
gaffe,1,5
gamer,10,5
gayer,8,5
gazer,10,5
gayly,2,5
galah,2,5
galax,2,5
galea,2,5
palea,6,5
gules,10,5
gaols,1,5
galop,1,
jalop,2,
gambs,9,5
gamay,3,5
gamey,6,5
gammy,10,5
gamba,5,5
mamba,4,5
samba,3,5
gamma,5,5
gambe,3,5
jambe,2,5
iambs,4,5
jambs,4,5
lambs,8,5
lamer,14,5
namer,5,5
tamer,13,5
mamey,3,5
gamic,1,
gamin,1,
mamma,5,5
gemma,4,5
gumma,4,5
hammy,5,5
jammy,7,5
mammy,10,5
rammy,6,5
tammy,7,5
gemmy,5,5
gimps,6,5
gasps,7,5
gawps,4,5
ganef,3,6
gonef,4,5
ganof,2,5
ganev,1,7
gonof,3,5
gappy,6,5
happy,9,5
nappy,7,5
pappy,9,5
sappy,6,5
zappy,6,5
hasps,4,5
rasps,6,5
wasps,7,5
gawsy,2,5
gaums,4,5
gaurs,3,5
gauss,3,5
gaudy,2,5
gauzy,2,5
gauge,2,5
gouge,3,5
gauze,2,5
geums,3,5
gavel,2,5
navel,5,5
ravel,8,5
gowks,5,5
gawky,3,5
pawky,1,5
yawps,4,5
hayer,9,5
layer,14,5
payer,17,5
sayer,13,5
hazer,10,5
mazer,9,5
razer,15,5
gnars,7,5
guars,4,5
gecko,1,5
geeks,8,5
keeks,12,5
leeks,9,5
peeks,13,5
reeks,11,5
seeks,11,5
weeks,10,5
geeky,2,5
reeky,4,5
geese,1,6
geest,4,6
reest,2,6
weest,3,5
guest,3,7
gelds,6,5
melds,9,5
velds,5,5
welds,9,5
gilds,7,5
gelee,1,
melee,1,
geoid,1,6
gilts,14,5
lemma,1,5
jemmy,3,5
germy,2,5
genus,4,5
genet,2,5
tenet,1,5
genic,4,7
xenic,3,6
genie,4,8
genii,3,8
genip,3,8
genre,2,7
genoa,2,5
genua,2,5
genom,2,6
venom,1,7
genro,1,8
menus,5,5
geste,1,5
getup,2,5
letup,2,5
setup,3,5
neums,4,5
ghast,2,5
ghost,2,5
ghaut,1,5
gnats,4,5
ghees,2,5
glost,4,5
giant,2,5
riant,1,5
gibed,4,5
jibed,4,5
gybed,4,5
gibes,8,5
jibes,9,5
kibes,8,5
ribes,14,5
vibes,8,5
gybes,4,5
gifts,6,5
lifts,8,5
rifts,6,5
sifts,5,5
gigas,1,5
vigas,4,5
gighe,1,
gigue,1,
silds,6,5
wilds,8,5
girly,2,5
hilts,14,5
jilts,10,5
kilts,13,5
lilts,11,5
milts,19,5
silts,15,5
tilts,12,5
wilts,13,5
limps,13,5
pimps,7,5
simps,7,5
wimps,6,5
gimpy,3,5
jimpy,4,5
wimpy,4,5
gipon,1,5
giron,3,5
gipsy,2,6
tipsy,2,5
gypsy,1,7
giros,7,5
gyron,2,5
tiros,6,5
gyros,5,5
girsh,2,5
gursh,2,5
gismo,1,
gizmo,1,
given,4,5
liven,8,5
riven,10,5
gyves,4,5
glace,5,5
place,6,5
grade,10,5
glede,4,5
glady,4,5
goads,11,5
gleds,6,5
glazy,3,5
guans,5,5
glens,4,5
glory,1,5
gloam,3,5
gleba,1,5
glebe,5,5
plebe,2,5
grebe,1,5
globe,4,5
sleds,5,5
greet,6,5
greys,5,5
glial,2,5
ilial,4,6
glims,4,5
guide,5,5
griff,4,5
slims,10,5
gloms,5,5
groat,4,5
grout,4,5
grues,5,5
glugs,4,5
gluts,4,5
plugs,3,5
slugs,10,5
sluts,12,5
gnarl,3,5
snarl,4,5
gnarr,2,5
knars,5,5
gnaws,4,5
gnash,1,5
snash,6,5
gnawn,1,5
snaws,6,5
loads,9,5
roads,9,5
toads,5,5
woads,7,5
gowds,5,5
goban,1,5
gowan,2,5
gobos,3,5
hobos,3,5
lobos,6,5
gogos,2,5
godly,1,5
gofer,1,5
logos,6,5
golfs,5,5
rolfs,5,5
wolfs,4,5
gulfs,6,5
gumbo,2,5
gonad,1,5
monad,3,5
gonif,3,5
gonia,1,6
goody,10,5
hoody,9,5
moody,7,5
woody,7,5
goofy,8,5
goony,9,5
goopy,8,5
goosy,8,5
poofy,2,5
loony,6,5
moony,5,5
loopy,6,5
goose,6,5
loose,7,5
moose,6,5
noose,5,5
roose,6,5
gorsy,3,5
gyral,1,5
gyred,5,5
gurge,3,5
horsy,4,5
rouge,4,5
gouty,2,5
pouty,3,5
rowan,4,5
howks,9,5
irade,3,5
trade,6,5
grids,8,5
groin,3,5
grana,4,5
grasp,2,5
grind,2,5
grope,4,5
graph,2,5
grapy,4,5
gripy,5,5
gravy,2,5
great,3,5
treat,2,5
green,6,5
preen,4,5
treen,5,5
preys,6,5
treys,9,5
irids,2,5
guids,3,5
gruff,1,5
griot,3,5
grist,4,5
grimy,2,5
wrist,4,5
grots,5,5
groan,3,5
trope,6,5
grosz,1,5
trots,7,5
trout,1,5
growl,3,5
prowl,2,5
trues,7,5
guaco,1,5
guano,2,5
yuans,2,5
guard,1,5
guess,1,7
quest,1,8
guile,4,5
guise,2,5
quids,7,5
gulag,1,
gular,1,
mules,14,5
pules,18,5
rules,13,5
tules,12,5
yules,5,5
gulps,5,5
gulfy,3,5
gulpy,5,5
pulps,7,5
pulpy,3,5
jumbo,1,6
summa,1,5
purge,5,5
surge,5,5
qursh,2,5
gurus,2,5
kurus,2,5
gyrus,3,5
gutsy,3,5
gusto,2,5
nutsy,2,5
gutta,2,5
sutta,2,5
gyved,3,5
tyred,6,5
tyros,6,5
haafs,1,5
haars,5,5
maars,2,5
haiks,9,5
hadal,1,
hamal,3,
hajes,11,5
hadji,1,
hajji,1,
haems,3,5
haets,5,5
hafts,8,5
halts,12,5
hafis,3,5
hajis,2,5
hafiz,1,5
rafts,5,5
wafts,9,5
hefts,7,5
haika,2,5
haiku,2,5
paiks,6,5
heirs,5,5
rajes,14,5
tajes,11,5
halid,2,5
halos,5,5
valid,2,5
hallo,5,5
hollo,6,5
hullo,5,5
halma,2,5
halva,2,5
helms,6,5
holms,6,5
helos,7,5
malts,13,5
salts,6,5
tamal,1,
hemal,1,
hanse,4,5
hardy,7,5
hanky,5,5
lanky,3,5
hansa,1,5
manse,5,5
hawse,2,5
haply,1,5
hoppy,5,5
harpy,4,5
herds,11,5
lardy,5,5
pardy,10,5
tardy,6,5
harem,2,5
herls,13,5
harsh,1,6
marsh,3,5
hurts,5,5
haute,2,5
hasty,5,5
nasty,5,5
pasty,11,5
tasty,8,5
vasty,5,5
heugh,4,5
haulm,1,5
saute,4,5
tawse,3,5
hazel,3,5
heaps,9,5
heavy,4,5
leaps,9,5
neaps,6,5
reaps,8,5
helps,7,5
hemps,7,5
heart,3,5
peart,3,5
leavy,7,5
peavy,4,5
hebes,3,5
hexer,5,5
hedge,5,5
kedge,4,5
ledge,6,5
sedge,6,5
wedge,6,5
hedgy,4,5
ledgy,5,5
sedgy,4,5
wedgy,4,5
lefts,6,5
wefts,6,5
hefty,2,5
lefty,3,5
heigh,3,5
neigh,2,6
weigh,2,6
keirs,2,5
weirs,6,5
helio,2,5
helix,1,6
telos,4,5
helot,1,5
kelps,5,5
yelps,4,5
hemic,2,6
humic,2,5
hemin,1,7
kemps,5,5
temps,7,5
hempy,2,5
henna,2,5
penna,6,5
senna,4,5
henry,1,5
herbs,9,5
kerbs,4,5
verbs,3,5
nerds,6,5
merls,8,5
heron,1,5
hertz,1,6
nertz,2,5
heuch,2,5
teuch,5,5
teugh,3,5
hexed,6,5
hexad,1,5
sexed,5,5
vexed,4,5
vexer,3,5
highs,3,5
nighs,3,5
sighs,6,5
hilus,4,5
pilus,5,5
hippo,1,5
hoagy,1,5
hoary,3,5
homos,3,5
honan,1,5
hoggs,2,5
noggs,1,5
hoise,5,5
noise,4,5
poise,6,5
horst,5,5
hokey,8,5
howes,11,5
jokey,5,5
pokey,6,5
holey,7,5
homey,7,5
holla,2,5
hotly,2,5
nomos,5,5
howfs,5,5
hooka,2,5
hyped,4,5
hyper,3,5
hypes,5,5
loppy,5,5
poppy,8,5
soppy,7,5
horah,3,5
torah,3,5
hoyas,2,5
horde,1,5
worst,3,5
hosel,6,5
hosen,3,5
losel,3,5
hovel,4,5
houri,1,5
novel,2,5
lowes,12,5
yowes,6,5
howff,1,5
soyas,6,5
hulas,3,5
hylas,1,5
humid,2,5
tumid,2,5
humor,2,
rumor,2,
tumor,3,
humus,2,5
mumus,5,5
yurts,2,5
hydra,1,
hydro,1,
hyoid,2,
myoid,3,
pyoid,2,
typed,7,5
types,11,5
hypos,2,5
typos,5,5
iambi,1,5
icier,1,8
icker,3,7
ocker,2,7
inker,5,6
icons,2,5
ikons,2,5
ideal,2,5
ileal,3,6
ideas,1,7
idiom,1,
idiot,1,
idled,3,6
isled,3,5
idler,3,7
idles,3,6
iller,1,8
isles,3,5
idols,1,
idyls,3,
idyll,1,
odyls,2,
ikats,1,5
skats,10,5
ileac,2,7
iliac,3,7
ileum,3,
oleum,2,
ilium,1,
ileus,1,
iliad,2,7
image,1,
imago,1,
imped,3,
umped,2,
impel,1,
inapt,2,
unapt,1,
inept,2,
inarm,1,
unarm,2,
incur,1,
incus,2,
uncus,4,
indie,1,7
indol,1,
inert,1,
infer,3,6
inner,4,6
infix,1,6
unfix,3,5
ingot,1,
ungot,1,
inked,3,6
irked,1,7
inned,2,6
inlay,1,
unlay,2,
inlet,3,6
unlet,5,5
islet,3,5
inset,3,7
onset,2,7
unset,7,6
inurn,1,
iodic,4,6
sodic,2,6
iodid,2,7
iodin,2,7
istle,1,
ixtle,1,
items,1,5
stems,6,5
ivied,1,
ivies,1,
jabot,1,
sabot,1,
jauks,4,5
jacky,3,5
tacky,4,5
wacky,5,5
jaggs,1,5
jalap,1,
jimmy,3,5
japan,1,
jawan,1,
wauks,5,5
jouks,3,5
jaups,2,5
yaups,3,5
jebel,2,5
rebel,5,5
jewel,3,5
jefes,1,5
jehad,1,
jihad,1,
jerks,5,5
merks,9,5
perks,12,5
yerks,6,5
zerks,5,5
jerky,3,5
perky,8,5
jetty,4,5
netty,6,5
petty,9,5
newel,2,5
jinns,3,5
jinni,1,5
linns,9,5
jivey,3,5
jocko,2,5
socko,3,5
joint,3,5
point,4,5
joust,2,5
joker,5,5
poker,9,5
toker,11,5
jowly,3,5
jolty,3,5
souks,7,5
roust,4,5
jowar,1,5
sowar,6,5
lowly,2,5
jubas,4,5
subas,4,5
tubas,7,5
judas,2,5
judos,2,6
kudos,2,6
juice,1,
juicy,1,
junto,3,5
junta,1,6
punto,6,5
jupon,1,6
yupon,2,5
jurel,1,5
jurat,1,5
kabab,3,6
kebab,3,5
kabar,2,6
kebob,2,6
kakis,4,5
kafir,1,
kefir,1,
kagus,2,5
magus,4,5
vagus,5,5
kaiak,1,
kayak,1,
kaifs,4,5
naifs,4,5
waifs,7,5
kaons,2,5
kakas,5,5
kanas,8,5
kapas,7,5
katas,4,5
rakis,5,5
sakis,6,5
kalpa,2,5
salpa,3,5
kappa,2,5
manas,10,5
nanas,4,5
kinas,10,5
papas,7,5
tapas,6,5
kophs,4,5
kapok,1,7
yapok,2,6
koppa,2,5
korat,2,5
karst,1,6
karoo,1,7
kasha,1,5
pasha,3,5
kauri,1,6
kaury,2,5
saury,2,6
kayos,1,5
mayos,5,5
kbars,2,5
kyars,4,5
kerfs,4,5
keens,9,5
koels,3,5
peens,10,5
teens,8,5
weens,11,5
khets,4,5
keeve,2,7
peeve,2,7
reeve,4,6
kelim,1,
kilim,1,
kelpy,2,5
kempt,2,5
tempt,4,5
kenos,2,5
lenos,5,5
serfs,5,5
kerne,2,5
terne,4,5
khadi,1,
khaki,1,
khafs,2,5
khans,3,5
koans,4,5
kyats,3,5
whets,7,5
kiang,1,
liang,3,
kibbe,1,6
kibbi,2,5
kibei,2,5
kiddo,1,5
kilns,4,5
kilty,4,5
milty,7,5
silty,7,5
minas,14,5
pinas,12,5
vinas,9,5
kinin,1,5
linin,3,5
kiths,3,5
kithe,5,5
lithe,7,5
tithe,6,5
withe,4,5
kythe,2,5
piths,4,5
knack,3,5
snack,9,5
kyack,1,5
knock,1,5
knaps,3,5
snaps,7,5
knops,4,5
knurs,2,5
knead,1,6
kneed,3,5
kneel,3,5
knees,2,5
knell,4,5
snell,5,5
knoll,1,5
knelt,1,5
knits,3,5
snits,10,5
units,4,5
knots,5,5
knobs,4,5
snobs,9,5
snots,11,5
knout,1,5
snout,7,5
known,1,5
knurl,1,5
loans,9,5
moans,7,5
roans,6,5
noels,2,5
kohls,1,5
kotos,4,5
qophs,3,5
sophs,6,5
tophs,8,5
poppa,2,5
korai,1,5
lotos,7,5
rotos,8,5
kotow,1,5
krait,3,5
kraut,2,5
trait,6,5
krona,2,5
trona,2,5
kudus,2,5
kurta,1,6
yurta,2,5
kyaks,2,5
tythe,2,5
libel,2,5
lapel,1,6
labia,2,8
lamia,2,7
labra,4,7
labor,1,5
tabor,3,5
sabra,3,6
libra,2,6
laura,1,6
lacey,3,5
laxer,11,5
laden,5,5
ladle,1,5
padle,3,5
lagan,4,5
pagan,3,5
ligan,4,5
lauan,1,6
leger,6,5
liger,10,5
lahar,1,6
laich,5,5
larch,5,5
laigh,3,5
laics,2,5
laity,1,5
lakhs,2,5
limbs,10,5
lamby,2,5
limby,6,5
zamia,1,5
lapin,3,5
lipin,4,5
lupin,2,5
lapis,3,5
tapis,8,5
laris,8,5
march,5,5
parch,5,5
laree,3,5
saree,5,5
naris,11,5
paris,13,5
saris,11,5
loris,6,5
lurks,6,5
lysed,2,5
lyses,5,5
luted,7,5
latex,3,5
lethe,2,5
latke,2,5
latte,4,5
lathi,3,5
lathy,3,5
matte,3,5
lotte,4,5
taxer,11,5
waxer,12,5
leafs,7,5
leafy,5,5
loafs,5,5
leant,4,5
meant,3,5
leapt,3,5
learn,3,5
yearn,2,5
lehrs,2,5
lyase,1,5
leggy,2,5
lofts,7,5
lofty,3,5
legal,1,6
regal,3,5
leper,3,5
leges,6,5
reges,4,5
luges,11,5
leman,3,5
reman,6,5
liman,4,5
lenis,6,5
penis,4,5
lewis,2,5
lexis,3,5
lepta,1,5
septa,3,5
levee,2,5
luxes,10,5
liana,2,
liane,2,
liard,2,5
lyard,2,5
libri,1,5
lichi,1,5
licht,3,6
licit,2,5
limit,1,6
limos,7,5
liege,2,5
siege,3,5
lieve,3,5
liens,6,5
miens,1,5
limns,8,5
lieus,2,5
nieve,3,5
sieve,3,5
wigan,2,5
tiger,4,5
liken,6,5
limen,9,5
linen,8,5
lilac,1,
linac,1,
liras,2,5
limba,5,5
limpa,2,5
limbi,5,5
nimbi,1,5
limey,5,5
vimen,2,5
lumen,3,5
liney,11,5
lisps,3,5
lindy,5,5
windy,5,5
linty,6,5
piney,6,5
winey,7,5
linga,3,5
minty,7,5
lipid,2,5
livid,3,5
wisps,6,5
litai,1,5
litre,5,5
litho,1,6
mitre,4,5
nitre,4,5
titre,5,5
livre,1,5
vivid,2,5
llama,1,
ulama,2,
loath,1,5
lobed,7,5
robed,6,5
lobes,12,5
robes,10,5
loyal,3,5
lochs,3,5
locum,1,5
lotus,3,5
softs,8,5
tofts,9,5
softy,4,5
loran,2,5
logia,1,6
logic,3,5
yogic,4,5
lotic,2,5
logoi,1,5
lunge,3,5
loofa,1,5
looie,2,5
louie,4,5
noris,5,5
zoris,3,5
louis,5,5
lorry,3,5
sorry,3,5
worry,4,5
loury,3,5
lotah,1,5
lytic,2,5
motte,7,5
rotte,3,5
lotto,3,5
motto,5,5
potto,5,5
royal,2,6
luaus,3,5
lulus,5,5
lupus,3,5
lusus,4,5
lucid,2,5
mucid,3,5
lurid,3,5
lucre,1,
sucre,1,
ludic,1,6
pudic,2,5
luffa,1,5
luged,4,5
sulus,3,5
numen,3,5
rumen,2,5
lunar,1,5
lunas,7,5
punas,9,5
tunas,6,5
lynch,2,5
lunet,1,5
murid,3,5
murks,11,5
turks,8,5
lutea,2,5
muted,9,5
outed,4,5
tuxes,5,5
lyart,1,6
lycea,1,6
lycee,2,5
sycee,2,5
lymph,1,
nymph,1,
synch,3,6
lyric,2,6
pyric,1,7
lysis,2,5
lysin,1,5
machs,6,5
macle,3,5
macho,4,5
nacho,1,5
macro,3,5
tachs,6,5
maile,5,5
maple,2,5
mason,2,6
micro,3,5
mucro,2,5
manly,4,5
mafia,4,5
tafia,1,6
mania,5,5
maria,3,5
mafic,4,5
magic,3,5
malic,5,5
manic,5,5
magma,1,5
manus,6,5
maims,5,5
maill,2,5
maist,3,5
waist,3,5
mayst,2,5
major,2,5
manor,4,5
mayor,4,5
makar,2,5
malar,3,5
makos,3,5
talar,4,5
salic,1,5
melic,5,5
malty,4,5
salty,4,5
mayas,5,5
mambo,2,6
sambo,2,6
matey,5,5
mamie,2,5
ramie,2,5
mynas,4,5
mange,5,5
range,4,5
mango,5,5
mangy,6,5
tango,4,5
rangy,5,5
tangy,5,5
manta,3,5
panic,1,6
wanly,3,5
minor,2,5
monos,5,5
masse,6,5
menta,3,5
minus,9,5
marcs,6,5
narcs,6,5
merge,5,5
varia,3,6
marvy,2,5
miser,10,5
muser,5,5
meshy,3,5
meson,2,8
massa,2,5
passe,7,5
tasse,4,5
messy,5,5
motey,8,5
moths,7,5
myths,4,5
matin,3,5
patin,5,5
satin,7,5
mavin,7,5
matza,1,
matzo,1,
maund,1,6
movie,3,5
mavis,4,5
pavin,7,5
ravin,5,5
savin,7,5
pavis,6,5
maxis,4,5
maxim,1,5
taxis,5,5
mayan,1,5
rayas,5,5
payor,2,5
sayst,1,6
mbira,1,
moira,2,
mewls,3,5
mealy,4,5
vealy,2,5
meany,5,5
meaty,4,5
meiny,2,5
peaty,7,5
modal,5,5
media,3,5
redia,4,5
medic,4,6
medii,2,6
mesic,3,6
veiny,2,5
relic,3,5
telic,3,5
menad,1,5
mensa,3,5
sensa,3,5
yenta,2,5
meous,2,5
meows,1,6
mercy,1,5
merde,2,5
merle,3,5
merer,3,5
serer,8,5
serge,6,5
verge,5,5
music,1,5
metis,4,5
yetis,2,5
mitis,7,5
metre,2,6
metro,2,7
retro,3,8
miaou,1,
miaow,1,
micas,3,5
picas,8,5
micra,2,6
mikra,1,5
midis,2,5
miggs,1,5
muggs,3,5
milpa,1,
milky,4,5
silky,5,5
mirky,3,5
misos,4,5
misty,5,5
mimeo,3,5
minae,3,5
mince,6,5
minke,3,5
since,4,5
wince,5,5
yince,3,5
mincy,5,5
zincy,4,5
minim,1,5
munis,1,5
sinus,6,5
mirex,3,5
murex,3,5
murky,5,5
riser,11,5
wiser,8,5
pisos,2,5
titis,4,5
zitis,2,5
nodal,4,5
molal,4,5
model,7,5
yodel,2,5
mohel,3,5
morel,6,5
modem,2,5
moues,9,5
modus,3,5
nodus,3,5
momus,3,5
moire,1,
moxas,3,5
moldy,3,5
molto,2,5
monde,4,5
sonde,1,5
monie,4,5
moste,3,5
month,2,5
moory,3,5
moola,1,5
muons,1,5
morae,4,5
sorel,3,5
mosso,1,5
motet,3,5
soths,2,5
mythy,2,5
motor,1,5
rotor,2,5
roues,10,5
moult,3,6
poult,1,7
mucin,1,5
mudra,1,5
vuggs,3,5
mulct,1,5
muled,7,5
puled,8,5
ruled,5,5
muley,2,5
mumms,3,5
murre,3,5
musth,2,5
mynah,1,5
mysid,1,
myope,1,
myopy,1,
nabis,3,5
nazis,2,5
neifs,3,5
naive,1,
waive,1,
nonce,2,5
nappe,1,5
narco,1,5
naval,5,5
nival,3,5
navar,1,5
neves,3,5
navvy,1,5
savvy,2,6
nerts,7,5
netts,7,5
newts,5,5
neuks,3,5
nerdy,4,5
negus,2,5
nevus,3,5
nexus,2,5
reifs,5,5
seifs,4,5
newly,2,5
perdy,5,5
nervy,2,5
verts,5,5
nerve,3,5
serve,4,5
verve,5,5
setts,6,5
yetts,3,5
yeuks,4,5
neume,1,5
newsy,1,5
nowts,1,5
nidal,3,5
tidal,2,5
nidus,3,5
nisus,2,5
niece,2,6
piece,1,7
ninon,2,
pinon,3,
niton,2,
risus,3,5
piton,3,
nitro,1,6
rival,2,5
nixie,1,5
pixie,2,5
nobly,3,5
noddy,2,6
soddy,2,6
toddy,5,5
noisy,2,5
nomad,1,5
novas,3,5
nomen,3,5
women,4,5
nomoi,1,5
ponce,2,5
nonet,1,5
nouns,1,5
novae,1,5
nuder,2,5
ruder,3,5
nudie,1,5
nylon,1,11
pylon,2,10
oaken,3,5
taken,6,5
waken,7,5
often,2,5
otter,7,5
oxter,4,5
obeli,1,
oboli,4,
obias,2,5
obits,2,6
oboes,1,
obols,3,
obole,2,
ovoli,2,
ocean,1,
octan,3,
ocher,2,6
ochre,1,
ochry,1,
octad,2,
octal,3,
octyl,1,
order,3,6
odeum,2,
odium,3,
onium,2,
opium,2,
odyle,1,
ofays,1,
okays,1,
offed,1,5
offer,2,5
ogees,2,5
ogles,5,5
ogres,2,5
ogive,1,5
ogled,3,5
ogler,3,5
ohing,3,5
thing,6,5
ohmic,1,
osmic,1,
olden,1,5
oleic,1,
olein,1,
oleos,1,
olios,1,
opens,2,5
omers,3,5
optic,1,5
oohed,1,6
oorie,1,5
opahs,1,
opals,3,
orals,2,
ovals,2,
opine,3,5
spine,11,5
ovine,1,5
opted,1,5
orang,2,5
prang,4,5
wrang,6,5
ovate,1,5
orcin,1,
orpin,1,
ordos,1,
orzos,2,
ornis,1,5
ouzos,1,
ossia,1,
ostia,1,
utter,1,6
ouphe,1,
ouphs,1,
ouzel,1,6
outdo,1,
outgo,1,
ovolo,1,
owner,1,5
oxide,2,
oxime,2,
oxids,2,
oxims,2,
paras,9,5
pawer,13,5
padri,1,6
paean,3,5
pavan,3,5
paeon,1,6
pagod,1,5
peins,8,5
print,3,5
paisa,1,5
paise,8,5
raise,1,5
peise,6,5
pilea,4,5
palet,5,5
poler,8,5
puler,6,5
palps,6,5
valet,2,5
palsy,4,5
palpi,2,5
pappi,2,5
salps,5,5
pansy,5,5
patsy,5,5
panda,3,5
vanda,1,5
panel,2,5
panne,1,5
tansy,2,5
pinto,6,5
party,8,5
papal,4,5
pipal,4,5
pupal,5,5
papaw,2,5
pupas,6,5
piper,8,5
peppy,3,5
varas,2,5
perch,3,5
porch,6,5
pardi,2,5
pareo,7,5
pareu,4,5
paseo,2,5
parvo,3,5
peris,6,5
parka,1,5
perse,6,5
tarty,7,5
warty,3,5
pasta,4,5
piste,1,5
pesty,8,5
patio,2,5
ratio,2,6
potsy,4,5
pavid,3,5
rawer,12,5
sawer,13,5
tawer,12,5
pyxes,5,5
payee,2,5
peace,5,5
peage,5,5
phage,3,5
plage,5,5
peags,6,5
pecky,6,5
pesky,4,5
pians,5,5
pearl,2,5
platy,4,5
pecan,1,
pekan,2,
pechs,2,5
yechs,2,5
penal,4,5
preps,5,5
reins,7,5
veins,5,5
zeins,3,5
seise,5,5
pekin,1,
renal,3,5
venal,4,5
pengo,1,5
pinna,3,5
peony,3,5
phons,7,5
phony,4,5
pepos,2,5
repos,4,5
pesos,3,5
perdu,1,5
peril,1,5
terse,7,5
verse,6,5
pesto,3,5
petto,5,5
testy,6,5
zesty,3,5
petit,1,
pewit,1,
petti,3,5
putti,5,5
putto,6,5
phone,5,5
shone,7,5
phono,4,5
photo,2,5
phots,5,5
shots,16,5
phyla,1,5
piano,1,5
pibal,2,5
pical,5,5
tical,2,5
picul,1,5
pikas,6,5
pilot,3,
pinot,4,
pieta,2,5
pinta,4,5
piety,1,5
piggy,3,5
wiggy,2,5
pigmy,2,5
pygmy,1,5
pikis,4,5
pipes,12,5
tikis,4,5
pilis,6,5
pilaf,3,5
pilau,3,5
pilaw,3,5
pilei,3,5
polis,7,5
pulis,8,5
pious,2,5
pinko,4,5
pipet,4,5
riper,14,5
viper,4,5
wiper,9,5
ripes,17,5
sipes,15,5
wipes,15,5
yipes,5,5
pipit,1,5
pithy,2,5
withy,3,5
pixel,1,5
pyxie,2,5
plaid,2,5
plait,3,5
plasm,1,5
slaty,3,5
playa,2,5
plaza,1,5
plead,2,5
prods,9,5
plotz,1,5
plumb,4,5
plumy,4,5
pudgy,2,5
porgy,3,5
poems,1,5
poets,4,5
poesy,2,5
popsy,3,5
poind,2,6
polys,5,5
polyp,1,5
poohs,5,5
profs,8,5
poufs,4,5
poove,1,5
torch,4,5
porno,2,5
pouff,1,5
proms,10,5
praos,4,5
praus,4,5
prong,3,5
prese,6,5
presa,3,5
priss,7,5
prexy,1,5
proxy,2,5
price,7,5
trice,10,5
prize,4,5
pricy,3,5
privy,1,5
prior,2,5
prima,5,5
primi,5,5
primo,6,5
prion,1,5
prism,2,5
proas,8,5
psoas,3,5
probe,4,5
prole,4,5
proso,5,5
prune,2,5
wrong,4,5
psoae,2,5
psoai,2,5
pubis,4,5
pucka,3,5
pukka,2,5
punka,4,5
pujah,1,5
pujas,4,5
ruler,4,5
pulik,1,5
pupae,2,5
pupil,1,5
puree,3,5
pursy,2,5
tutti,2,5
pyxis,2,5
quack,2,6
quick,2,6
quark,4,5
quods,2,5
quags,4,5
quais,5,5
quass,6,5
quays,5,5
quaff,1,
quiff,1,
quail,1,5
quake,4,5
quale,4,5
quare,6,5
quate,5,5
quaky,1,5
qualm,1,5
quant,2,5
quint,6,5
quart,4,5
quire,4,5
quirk,4,5
quirt,6,5
quash,3,5
quasi,2,5
quite,5,5
quote,4,5
queys,1,6
quean,2,
queen,3,
quern,3,
queer,1,
quell,1,5
quill,2,5
query,1,
quins,5,5
quips,4,5
quiet,3,5
ruins,4,5
suint,5,5
quipu,1,5
suite,5,5
quoin,1,
quoit,1,
quota,2,5
quoth,2,5
rabic,1,5
rabid,5,5
tabid,1,5
rapid,5,5
recon,3,5
radon,3,5
rayon,2,5
radii,2,7
radio,3,6
radix,2,7
redon,6,5
ragas,6,5
sagas,3,5
raias,6,5
rajas,5,5
ragis,5,5
ragee,6,5
rakee,7,5
ramee,6,5
ranee,6,5
razee,7,5
yagis,2,5
ranis,6,5
rainy,1,5
rajah,2,5
rayah,2,5
rawly,1,5
ramet,2,5
remet,7,5
ramus,2,5
wamus,2,5
ranch,2,5
rynds,4,5
raphe,1,5
sapid,3,5
vapid,3,5
raspy,2,5
waspy,4,5
ratel,5,5
ratan,1,5
rawin,2,5
rewin,6,5
razor,1,5
react,1,5
readd,2,5
redds,6,5
realm,2,5
rearm,2,5
repps,2,5
reata,2,7
riata,1,7
recta,4,6
reive,2,6
rebec,3,5
xebec,2,6
zebec,2,6
refel,5,5
repel,4,5
redid,5,5
resid,4,5
rebus,4,5
zebus,1,5
rubus,2,5
rebuy,2,5
recut,2,5
remap,2,5
rewon,4,5
tecta,2,5
recti,2,7
recto,2,7
recur,1,6
redan,5,5
sedan,2,5
reran,4,5
rudds,3,5
redos,5,5
refed,4,5
retia,2,5
redip,2,5
redly,3,6
refly,3,6
reply,3,6
redry,3,7
redox,3,5
redux,2,5
refry,3,7
retry,3,9
redub,1,6
riels,3,5
relit,4,5
refix,2,6
regma,1,
regna,1,
rehem,1,
retem,1,
reink,1,5
relax,3,5
retax,3,5
repay,3,5
resay,3,5
relet,5,5
revet,6,5
rewet,5,5
roman,4,5
remex,2,6
renew,1,6
resew,5,5
renig,2,5
rerig,1,6
renin,5,5
venin,1,6
repin,3,5
resin,5,5
rente,3,5
sente,4,5
yente,3,5
repeg,1,5
repro,1,6
rerun,1,5
resaw,3,5
resow,3,5
resee,2,5
resod,2,6
retag,1,6
retie,1,6
reuse,1,5
rheas,1,5
sheas,6,5
rhomb,1,7
rhumb,2,5
thumb,2,5
ridgy,1,6
rifle,1,5
riots,3,5
rigor,1,
vigor,3,
riley,2,5
ryots,2,5
ripen,5,5
risen,4,5
risky,1,5
riyal,2,5
robin,1,6
ruble,1,5
rodeo,1,
romeo,1,
roger,3,5
rogue,3,5
togue,4,5
vogue,4,5
roque,2,6
rotls,6,5
toman,3,5
woman,3,5
toque,3,5
rotis,4,5
route,5,5
rouen,3,5
rowen,6,5
roupy,2,5
soupy,4,5
rowth,1,5
sudds,2,5
ruers,1,5
suers,3,5
ruffe,1,5
rugae,1,5
runic,1,5
tunic,2,5
wynds,5,5
sabed,6,5
sober,4,5
safer,9,5
sabir,2,5
sarin,7,5
sabre,2,5
sacra,1,5
sadhe,1,
sadhu,1,
satis,5,5
wafer,8,5
segos,1,5
saice,3,5
slice,6,5
spice,12,5
sauce,4,5
skids,6,5
saiga,2,5
taiga,1,6
skins,10,5
spins,11,5
skint,6,5
stint,7,5
smith,3,5
swith,4,5
salad,1,6
salal,2,5
salol,2,5
salep,2,5
shlep,2,5
salon,3,5
talon,2,5
solve,2,5
salvo,1,5
sangh,2,5
sayid,1,5
sapor,3,5
vapor,2,5
sopor,1,5
saran,1,5
scree,4,5
siree,6,5
spree,4,5
serin,2,5
shris,1,5
sarod,2,5
scrod,1,5
satem,2,5
sauch,3,5
saucy,3,5
shuls,5,5
savoy,2,5
shyer,5,5
scabs,9,5
stabs,9,5
swabs,9,5
scads,8,5
scags,12,5
scams,11,5
scans,9,5
scars,15,5
scats,15,5
scuds,8,5
shags,12,5
skags,8,5
snags,10,5
stags,12,5
swags,13,5
scald,6,5
skald,1,6
scale,10,5
scall,9,5
scalp,8,5
scaly,6,5
shale,14,5
spale,11,5
stale,17,5
swale,6,5
scape,4,5
scare,13,5
shall,11,5
small,6,5
spall,8,5
stall,8,5
scull,5,5
sculp,3,5
scamp,6,5
scarp,9,5
scaup,4,5
shaly,8,5
scary,6,5
stamp,4,5
swamp,4,5
scums,6,5
spans,9,5
swans,9,5
scant,5,5
scent,6,5
scart,10,5
scatt,3,5
scope,6,5
snare,9,5
spare,14,5
stare,17,5
score,9,5
scarf,7,5
scurf,2,5
sharp,5,5
spars,11,5
stars,12,5
smart,5,5
start,7,5
swart,7,5
spats,13,5
stats,12,5
swats,14,5
scots,10,5
scuts,10,5
scaur,2,5
scour,3,5
scena,3,5
scend,5,5
scene,5,5
shend,4,5
spend,5,5
scone,5,5
shent,5,5
spent,4,5
scoff,1,6
scuff,5,5
scoop,5,5
snoop,8,5
stoop,11,5
swoop,5,5
scoot,4,5
snoot,8,5
scout,6,5
stope,12,5
scops,8,5
stops,11,5
swops,7,5
scups,5,5
scows,7,5
snore,7,5
spore,10,5
store,16,5
swore,8,5
shorn,9,5
sworn,6,5
spots,8,5
swots,9,5
stour,3,5
shout,8,5
spout,5,5
stout,9,5
scowl,1,5
stows,10,5
scrag,3,5
sprag,5,5
scram,4,6
scrap,4,6
scrim,3,6
scrum,5,6
strap,6,5
scrip,3,6
screw,3,5
shrew,4,5
strew,5,5
scrub,2,7
shrub,2,6
serum,4,6
strum,3,5
scuba,1,5
scuta,4,5
scudi,2,5
scudo,2,5
spuds,4,5
studs,6,5
snuff,4,6
stuff,5,6
sculk,3,6
skulk,3,5
skull,4,5
stull,4,5
stums,7,5
sputa,1,6
smuts,3,5
swamy,3,5
sects,4,5
septs,5,5
sexts,7,5
sebum,2,6
sedum,2,6
sheds,6,5
sneds,3,5
seely,3,5
seepy,4,5
skeps,6,5
steps,6,5
weepy,4,5
segni,1,
segno,1,
seine,5,5
seize,2,5
selva,2,
silva,2,
sylva,2,
semen,2,5
seven,2,5
semis,1,5
sengi,1,6
senti,2,5
sunna,3,5
senor,1,
tenor,2,
sepal,3,5
tepal,3,5
sepia,2,5
sepic,1,6
sepoy,1,
tepoy,1,
serac,2,6
serai,3,6
terai,1,6
shred,5,5
serif,1,5
serow,1,6
strow,5,5
servo,1,5
setae,1,5
situp,3,5
sexto,1,5
texts,5,5
shack,10,5
thack,5,5
whack,3,5
smack,5,5
stack,10,5
shank,7,5
shade,10,5
spade,9,5
stade,9,5
shake,12,5
shame,7,5
shave,12,5
shady,4,5
shahs,5,5
shaky,5,5
shaft,2,5
shift,4,5
shalt,5,5
shogs,9,5
snake,6,5
spake,11,5
stake,12,5
shako,2,5
snaky,2,5
whale,3,5
shell,9,5
shaul,2,5
shawl,5,5
smalt,5,5
shily,5,5
shyly,3,5
shims,10,5
thank,6,5
spank,8,5
stank,12,5
swank,7,5
sherd,2,5
sharn,6,5
shire,8,5
snark,6,5
spark,6,5
stark,11,5
shawn,7,5
soave,5,5
stave,12,5
suave,4,5
shove,6,5
shawm,3,5
spawn,1,5
shewn,4,5
shown,6,5
spays,8,5
stays,8,5
sways,9,5
sheaf,4,5
shelf,2,5
sheal,8,5
shear,7,5
wheal,3,5
steal,5,5
shoal,5,5
sheol,3,5
smear,3,5
spear,7,5
swear,5,5
sheen,6,5
wheen,3,5
skeen,6,5
sheet,7,5
steep,8,5
sweep,5,5
sneer,4,5
speer,9,5
steer,8,5
sweer,7,5
shier,10,5
shoer,5,5
skeet,6,5
sweet,8,5
sheik,1,
shtik,1,
smell,6,5
spell,9,5
shunt,3,5
shool,10,5
skews,8,5
smews,5,5
spews,6,5
stews,9,5
shied,8,5
skied,8,5
spied,9,5
stied,6,5
shoed,4,5
shies,12,5
spiel,6,5
skier,7,5
spier,7,5
skies,12,5
spies,13,5
sties,6,5
shoes,9,5
shivs,8,5
swift,1,5
shirt,8,5
shist,3,5
skill,6,5
spill,9,5
still,8,5
swill,7,5
slily,3,5
shiny,5,5
whims,8,5
skims,10,5
swims,5,5
shuns,5,5
whiny,4,5
spiny,6,5
skips,9,5
snips,7,5
spire,10,5
smirk,3,5
stirk,8,5
skirr,4,5
skirt,5,5
spirt,7,5
short,11,5
whist,6,5
skits,12,5
spits,14,5
shiva,2,5
skive,3,5
swive,4,5
spivs,6,5
skoal,1,5
shorl,6,5
shoat,6,5
stoat,6,5
smock,3,5
stock,7,5
shoos,9,5
smogs,3,5
snogs,8,5
shote,7,5
snook,7,5
spook,7,5
stook,8,5
shoon,8,5
snool,7,5
spool,8,5
stool,6,5
spoon,6,5
swoon,5,5
whorl,4,5
thorn,3,5
whort,3,5
snort,5,5
stove,8,5
showy,3,5
snowy,2,5
threw,4,5
shrug,2,5
sprug,4,5
snuck,5,5
stuck,6,5
shuln,1,5
stuns,7,5
stunt,6,5
shush,1,5
slyly,2,5
sicko,2,5
sized,6,5
sughs,2,5
sinhs,5,5
signs,1,6
sigil,1,
vigil,1,
sizer,5,5
sixty,3,5
simar,3,5
sitar,2,5
sizar,3,5
sinew,1,5
situs,3,5
siren,4,5
syren,1,5
sirra,2,5
wirra,1,6
sirup,2,5
syrup,1,5
sixte,2,5
sixth,2,5
skegs,4,5
skate,5,5
spate,10,5
state,11,5
skite,6,5
skean,3,6
spean,3,5
skein,3,6
skeed,7,5
speed,8,5
steed,9,5
skyed,4,5
stein,3,5
skelm,1,
skelp,1,
skiey,4,5
skyey,2,5
skiff,3,8
sniff,4,7
spiff,3,8
stiff,5,7
skirl,4,5
skimo,2,5
skimp,2,5
skink,6,5
stink,9,5
swink,6,5
skunk,5,5
swirl,3,5
smite,6,5
spite,11,5
skosh,1,5
slosh,4,5
spunk,4,5
stunk,9,5
styed,4,5
stain,6,5
swain,4,5
spang,5,5
stang,9,5
swang,8,5
soaps,7,5
swaps,9,5
smash,4,5
stash,5,5
smeek,3,5
steek,7,5
swept,3,5
slipe,10,5
snick,6,5
spick,8,5
stick,9,5
snide,2,5
stime,4,5
stimy,3,5
sting,7,5
snipe,5,5
stipe,7,5
swipe,5,5
stobs,9,5
swobs,6,5
sloid,2,
slojd,2,
sloyd,2,
snubs,5,5
stubs,7,5
spued,5,5
spues,6,5
snugs,4,5
stump,4,5
slurp,3,5
stung,7,5
swung,4,5
spurs,7,5
smelt,4,5
smolt,2,5
smarm,2,5
swarm,5,5
smerk,2,5
spelt,4,5
smile,3,5
spile,10,5
stile,11,5
smoke,4,5
spoke,6,5
stoke,9,5
smoky,1,5
sneck,5,5
snail,3,5
spail,6,5
swail,3,5
snath,2,5
swath,4,5
sneak,4,5
steak,6,5
sneap,1,5
speck,4,5
snibs,4,5
snood,5,5
stood,4,5
snyes,1,6
styes,3,5
soaks,5,5
soapy,3,5
sofas,7,5
sojas,5,5
sofar,4,5
sonar,3,5
softa,2,5
sokol,1,
sotol,1,
solan,3,5
tolan,3,5
soldi,2,5
solei,3,5
soldo,1,6
solid,1,5
solum,1,5
sorus,8,5
sonly,2,5
syphs,1,5
sophy,2,5
torus,9,5
spacy,2,5
spicy,8,5
spado,1,5
spaed,4,5
spaes,7,5
speil,5,5
spoil,3,5
spait,3,5
split,4,5
sprit,4,5
spike,9,5
speir,3,5
specs,3,5
speel,6,5
steel,6,5
spilt,5,5
upend,1,5
spica,4,5
spiks,7,5
spiky,5,5
spiry,5,5
spurt,5,5
spitz,2,5
splat,3,5
sprat,4,6
splay,2,5
spray,4,5
uplit,2,5
spoof,4,5
spoor,4,5
sprig,3,5
stray,4,5
sprue,2,5
spume,1,
spumy,1,
spurn,2,5
sturt,3,5
squab,4,
squib,2,
squad,4,
squat,3,
squaw,3,
stalk,5,5
stage,10,5
stane,11,5
staff,2,8
swage,4,5
stagy,3,5
stogy,3,5
staid,4,5
stand,4,5
staig,4,5
stair,3,5
stele,6,5
stole,10,5
style,5,5
stomp,6,5
staph,1,6
stere,4,5
stork,7,5
stirs,4,5
stets,5,5
stead,4,5
steam,3,5
strep,5,5
stern,2,5
stela,1,5
stich,1,5
utile,1,5
stymy,1,5
stupe,3,5
stirp,2,5
stoae,9,5
stoai,3,5
stoas,7,5
stoss,4,5
stopt,4,5
story,5,5
stoma,1,6
stoup,5,5
stowp,4,5
strop,6,5
storm,3,5
strut,2,5
straw,4,5
stroy,3,5
study,1,5
stupa,1,5
styli,1,5
subah,2,5
surah,3,5
suede,1,
swede,1,
suety,1,5
vughs,2,5
sulfa,1,
sulfo,1,
sumos,1,5
supra,2,5
sutra,3,5
surfy,4,5
turfy,2,5
surgy,3,5
swigs,4,5
twain,2,5
swami,2,5
twang,1,5
sword,3,5
swish,3,5
twats,4,5
sweat,3,5
tweet,3,5
twigs,4,5
swiss,3,5
twill,4,5
twirl,4,5
swoun,2,5
synth,1,6
syncs,1,7
tabla,1,5
tabun,1,5
talus,8,5
taxus,4,5
tacos,5,5
tacit,1,5
taels,2,5
toffy,2,5
twins,6,5
token,5,5
takin,1,5
tatar,2,5
talcs,4,5
taxon,1,5
taluk,1,5
tamis,4,5
tanka,1,5
tepas,3,5
tapir,2,5
tipis,4,5
topis,6,5
tardo,1,5
taroc,3,5
tarok,3,5
tarot,4,5
toros,11,5
torot,2,5
tarsi,1,5
torsi,5,5
tawie,2,5
tazza,1,
tazze,1,
tsars,2,5
techy,1,6
yechy,2,5
teddy,1,5
thens,4,5
teeny,2,5
weeny,5,5
teeth,1,5
tenth,4,5
teffs,3,5
teiid,2,
tepid,1,
teind,1,
telex,1,5
telia,2,6
tenia,2,7
teloi,1,5
tempi,3,5
tempo,3,5
xenia,2,7
tenon,2,
xenon,1,
tenty,3,5
typal,1,5
texas,2,5
tepee,1,5
topee,5,5
terce,2,5
terga,1,5
terra,3,5
tetra,1,5
tesla,1,5
thane,2,5
therm,2,5
thebe,3,6
theme,4,6
there,5,6
these,4,5
theca,1,
theta,1,
thegn,1,
thein,2,
their,1,
whens,7,5
where,2,5
thiol,3,5
thirl,6,5
thong,1,5
triol,4,5
third,1,5
whirl,4,5
thoro,2,5
thorp,2,5
thraw,2,5
throw,4,5
three,2,6
throe,3,6
throb,2,6
thuds,1,6
thuja,1,
thuya,1,
thymi,2,5
thymy,2,5
timid,2,5
tinea,2,5
tuned,6,5
tyned,6,5
titan,1,7
witan,2,6
title,2,5
toady,2,5
today,2,5
tokay,1,6
tofus,5,5
tufts,4,5
togae,2,5
togas,4,5
yogas,4,5
toile,2,5
voile,3,5
twits,4,5
woken,4,5
tonal,2,6
zonal,2,7
tondi,1,6
tuner,5,5
topic,5,5
toxic,4,5
tophe,3,5
topos,7,5
tophi,3,5
topoi,2,5
typic,1,5
tuque,1,5
torcs,6,5
torii,2,5
torsk,3,5
torso,3,5
totem,3,5
toxin,1,6
twyer,3,5
toyon,1,5
truce,3,5
traik,5,5
trapt,4,5
tsade,2,5
tromp,3,5
tranq,2,5
wrapt,2,5
truss,5,5
troys,5,5
triad,4,5
trend,2,5
tweed,3,5
trued,4,5
tween,3,5
tyees,6,5
triac,2,5
trial,5,5
urial,2,5
trike,6,5
trite,6,5
twice,2,5
twier,2,5
truer,3,5
trigo,1,5
trull,3,5
write,4,5
trois,3,5
trooz,1,5
truth,1,5
truly,1,5
tryst,1,5
tsadi,1,5
tubae,2,5
tufas,4,5
tufty,2,5
tutor,1,
twaes,1,5
twerp,1,5
twirp,2,5
twiny,2,5
twist,1,
twixt,1,
typey,2,5
typps,2,5
ukase,1,5
ulema,1,
ulnad,3,
ulnae,3,
ulnar,3,
ulnas,4,
ulvas,1,
umbel,1,
umiac,2,
umiak,2,
umiaq,2,
upped,2,6
unais,1,
unaus,2,
unary,1,
unban,3,
urban,1,
unman,1,
unbar,1,
unbid,1,
undid,1,
uncos,2,
uncoy,1,
uncut,1,
undee,2,6
unfed,2,5
unled,3,5
unwed,2,5
unfit,3,5
unlit,4,5
unwit,2,5
unmix,1,6
unhip,2,
unrip,3,
unzip,2,
unify,1,5
unity,3,5
unwon,1,
unite,2,5
unsay,1,
unmet,3,6
unmew,2,5
unsew,3,5
unpeg,1,
unpen,2,
unpin,1,
unrig,1,
upset,1,6
unsex,2,5
untie,1,
until,1,
upper,1,8
uraei,1,6
urari,2,5
urare,3,5
uveal,2,5
uveas,2,5
urged,2,
urger,2,
urges,2,
usurp,1,
usury,1,
vagal,1,6
vague,3,5
value,3,5
varus,4,5
vatus,2,5
valor,1,6
varna,1,6
varix,1,5
virus,3,5
vegie,1,6
velar,1,5
veldt,1,5
venae,3,5
venge,3,5
venue,2,5
verso,2,5
verst,2,5
vertu,2,5
virtu,1,5
vista,2,5
vised,4,5
voces,3,5
video,1,5
vireo,2,5
views,2,5
viewy,1,5
visas,4,5
visor,2,
vizor,3,
villa,3,5
viola,2,5
villi,2,5
vixen,1,5
viral,2,5
vital,3,5
vinyl,1,5
virid,1,5
wised,10,5
vitta,1,5
vitae,1,6
vizir,1,
voice,1,5
voila,1,6
volta,4,5
volva,2,5
volte,3,5
volti,3,5
vulva,1,5
wacke,3,5
wacko,3,5
wahoo,1,
yahoo,1,
whirs,10,5
waxen,4,5
wyled,4,5
wyles,4,5
waney,5,5
wavey,4,5
wispy,3,5
weald,2,5
woald,3,5
weird,1,5
welsh,1,5
wetly,1,5
whamo,1,5
wheel,3,5
whelp,3,5
whelk,2,5
whelm,2,5
wheys,3,5
which,1,5
whish,3,5
whids,6,5
whigs,6,5
white,5,5
whity,3,5
whipt,2,5
whisk,2,5
whoop,2,5
whoof,1,5
whoso,1,5
widen,3,5
winze,1,5
wyted,3,5
world,2,5
womby,1,5
wordy,4,5
wrung,3,5
wrath,1,5
wrote,2,5
wynns,1,5
xylol,1,
xylyl,1,
xysti,1,5
yogis,6,5
yamen,1,
yamun,1,
yecch,1,
yucch,2,
yelks,5,5
yeuky,1,5
yokel,3,5
yodhs,1,6
yoghs,3,5
yugas,2,5
yogin,2,5
yonis,2,5
yucas,2,5
yucca,1,
zincs,2,5
zlote,1,5
zloty,2,5
zoeae,2,8
zoeal,3,8
zoeas,2,8
zoril,1,5
